text,intent,intent_label
can you walk me through setting up direct deposits to my bank of internet savings account,108,direct_deposit
i want to switch to direct deposit,108,direct_deposit
set up direct deposit for me,108,direct_deposit
how do i go about setting up direct deposit,108,direct_deposit
i need to get my paycheck direct deposited to my chase account,108,direct_deposit
what are the steps to set up direct deposit to my chase account,108,direct_deposit
"if i would like to set up direct deposit, how do i do it",108,direct_deposit
how do i direct deposit my check,108,direct_deposit
what do i need to set up direct deposit,108,direct_deposit
i'd like to have my paycheck direct deposited to my chase account,108,direct_deposit
how is a direct deposit set up,108,direct_deposit
"can you teach me how to set up direct deposit, or show me who can",108,direct_deposit
how can i turn on direct deposit,108,direct_deposit
direct deposit information,108,direct_deposit
i want to set up direct deposit to my first hawaiian bank account,108,direct_deposit
can you tell me how to set up a direct deposit,108,direct_deposit
i'd like to know about setting up direct deposit,108,direct_deposit
tell me how to set up direct deposit,108,direct_deposit
tell me how to set up direct deposit for my paycheck,108,direct_deposit
help setting up direct deposit,108,direct_deposit
please help me set up direct deposit,108,direct_deposit
how can i have my paycheck directly deposited,108,direct_deposit
what do i do to have my paycheck deposited directly in my account,108,direct_deposit
how do i get direct deposit set up,108,direct_deposit
make it so my paycheck goes directly into my savings account,108,direct_deposit
"i want to set up direct deposit for my paycheck, what do i need to do",108,direct_deposit
what is needed for setting up direct deposit,108,direct_deposit
set up a direct deposit,108,direct_deposit
tell me how to set up a direct deposit,108,direct_deposit
how do i set up direct deposit for my paycheck,108,direct_deposit
i need some guidance when it comes to direct deposit,108,direct_deposit
how do i set up instant paycheck,108,direct_deposit
i'd really like to set up a direct deposit for my paycheck,108,direct_deposit
how do i set up direct deposit to my chase account,108,direct_deposit
would you help me set up direct deposit,108,direct_deposit
how do i arrange a direct deposit into my savings account,108,direct_deposit
i need to set up a direct deposit for my paycheck,108,direct_deposit
i need to set up a direct deposit,108,direct_deposit
how do i get my check directly deposited,108,direct_deposit
how can i have my paycheck directly deposited in my account,108,direct_deposit
how do i direct deposit my paycheck,108,direct_deposit
is there a specific way to set up direct deposit,108,direct_deposit
set up direct deposit to my money market account for my pay check,108,direct_deposit
can you tell me how to set up direct depost,108,direct_deposit
can you show me how to set up direct deposit for my paycheck to my first hawaiian bank account,108,direct_deposit
how can i set up direct deposits from my job to my bank,108,direct_deposit
i have a great western bank account i want direct deposits to go to,108,direct_deposit
can you show me how to set up direct deposit,108,direct_deposit
do a websearch for direct deposit set up,108,direct_deposit
what are the steps for setting up direct deposit,108,direct_deposit
what am i allowed to carry on for american airlines,62,carry_on
what are the carry on rules for united,62,carry_on
what can't i carry-on to delta,62,carry_on
tell me united's carry on policy,62,carry_on
what is the carry on limit,62,carry_on
what should i know about the carry on policy for american,62,carry_on
"if i fly internationally, do brittish airwaiys have carry-on limitations",62,carry_on
what are the rules for carry on luggage for delta,62,carry_on
can i have 3 carry ons with delta at jfk,62,carry_on
how many carry ons are allowed on a flight with wow to iceland,62,carry_on
what are the requirements for carry on on flights with united airlines,62,carry_on
does delta allow more than one carry on when traveling to miami,62,carry_on
could you list out the carry-on restrictions for american airlines,62,carry_on
do i have to pay for carry-ons on delta,62,carry_on
"if i take a flight on pan am to denver, how many carry ons are included",62,carry_on
how many bags can i carry-on for flights on singapore airlines,62,carry_on
how many carry ons can i take on a flight with american airlines to seattle,62,carry_on
"when taking a flight with porter to toronto, how many carry ons can i take",62,carry_on
"on a flight with allegiant to orlando, how many carry ons can i take",62,carry_on
would you let me know the carry-on restrictions for american airlines,62,carry_on
how many carry ons can i take on a flight with delta to mexico city,62,carry_on
what are the carry-on rules,62,carry_on
"when taking a flight with lion to singapore, how many carry ons are allowed",62,carry_on
what are the rules regarding carry-on baggage for flights on virgin airlines,62,carry_on
what's restricted in my carry-on with united,62,carry_on
does jet blue have any carry-on restrictions,62,carry_on
i need to know the carry-on restrictions for united airlines,62,carry_on
how many carry ons will american let me take for a flight to los vegas,62,carry_on
does delta have carry-on restrictions,62,carry_on
how many carry ons can i take on a flight with jet blue to washington dc,62,carry_on
what are the carry-on restrictions for singapore airlines,62,carry_on
tell me the carry on rules,62,carry_on
i am flying jetblue and need to know what the most number of bags are that i can carry on,62,carry_on
am i limited in carry ons for jet blue,62,carry_on
am i allowed carry ons for my flight with westjet to edmonton,62,carry_on
what are the carry-on restrictions for united,62,carry_on
does united airlines allow more than one carry on,62,carry_on
what are the carry-on restrictions for delta,62,carry_on
would you let me know how many carry ons i can take on a flight with southwest airlines to miami,62,carry_on
is there a carry on weight limit,62,carry_on
please find the rules for carry on when flying with spirit airlines,62,carry_on
what are the carry-on restrictions for southwest airlines,62,carry_on
how my carry ons does spirit airlines allow me for a flight to dallas,62,carry_on
can you tell me jet blue airlines' carry on policy,62,carry_on
what is the carry-on policy say for flights on delta airlines,62,carry_on
search for carry on rules for flights on delta airlines,62,carry_on
carry-on restrictions for air emirates,62,carry_on
which rules does delta have for carry on,62,carry_on
tell me the carry-on restrictions for united airlines,62,carry_on
let me know the rules for carry ons for continental,62,carry_on
volume to whisper voice,14,whisper_mode
i want whisper mode to be switched off,14,whisper_mode
let's switch out of whisper mode,14,whisper_mode
i want your setting adjusted to whisper voice now,14,whisper_mode
go into whisper mode now please,14,whisper_mode
turn up your volume,14,whisper_mode
exit out of whisper mode,14,whisper_mode
go back to normal mode please,14,whisper_mode
immediately begin using whisper mode,14,whisper_mode
switch over to whisper,14,whisper_mode
i think we should whisper,14,whisper_mode
turn on the whisper voice,14,whisper_mode
i'm going to need you to be quiet now please,14,whisper_mode
switch to quiet mode,14,whisper_mode
please turn on whisper mode because i am about to be in class,14,whisper_mode
i want whisper mode,14,whisper_mode
"change to whisper mode, please",14,whisper_mode
go into whisper mode now,14,whisper_mode
turn your volume up,14,whisper_mode
"i can't hear you, stop whispering!",14,whisper_mode
shh please speak with a whisper,14,whisper_mode
can you whisper until i tell you not to,14,whisper_mode
i need you to switch to whisper mode,14,whisper_mode
please turn on whisper mode,14,whisper_mode
can you go to the whisper voice,14,whisper_mode
i need your setting switched to whisper mode right away,14,whisper_mode
stop using the whisper mode,14,whisper_mode
please talk quietly,14,whisper_mode
use your quiet voice,14,whisper_mode
whisper from here on out please,14,whisper_mode
switch to whisper mode,14,whisper_mode
turn on your whisper mode,14,whisper_mode
please shut off whisper mode for now,14,whisper_mode
can you please lower the volume please,14,whisper_mode
"switch to whisper mode, please",14,whisper_mode
i want to switch out of whisper mode,14,whisper_mode
i want you to be in whisper mode now because i am in the library,14,whisper_mode
change out of whisper mode,14,whisper_mode
whisper from now on,14,whisper_mode
please speak with the whisper voice,14,whisper_mode
start using whisper mode,14,whisper_mode
please switch to whisper mode for now,14,whisper_mode
let's use whisper voice,14,whisper_mode
6 inch voices please,14,whisper_mode
talk in whisper voice,14,whisper_mode
i decide to switch out of whisper mode,14,whisper_mode
let's start whispering,14,whisper_mode
can you switch to whisper mode,14,whisper_mode
make sure to set yourself to whisper mode before i go to the movie,14,whisper_mode
i want you to use whisper voice now,14,whisper_mode
please send a text,26,text
write text message to someone,26,text
send mom a text asking where are you,26,text
text message chris and say i love you,26,text
send a text to someone,26,text
can you text arthur and tell them im almost there,26,text
text billy and tell him to be at monday's meeting at 3pm,26,text
can you text christopher and tell them im on my way,26,text
send a text message for me,26,text
please send ann a text and tell her i will be home in 20 minutes,26,text
please send a text message to natalie for me,26,text
i want to send a text,26,text
text matt and tell him i will be late tonight,26,text
text my boss for me and tell them i will be a little bit late,26,text
send chris a text message that says stop for milk on your way home,26,text
i have to send a text,26,text
text my dad for me and tell them i love you,26,text
text josh and tell him i need a delivery,26,text
send a text and tell chris i’m not working today,26,text
can you send a text for me,26,text
text my friend for me and tell them to meet me later,26,text
text christopher and tell him i will stop by,26,text
can you text the sgt adam and tell them i found the missing girl,26,text
text a message to alice,26,text
i need you to text someone for me,26,text
i need sal to be texted and say i'll be there,26,text
send a text message to chris and ask what he wants to eat for dinner,26,text
send a text message,26,text
text sal and tell them hi,26,text
text sal and let them know the answer is yes,26,text
compose text message,26,text
text my doctor and tell him it happened again,26,text
write a text to alice,26,text
can you send a text to someone,26,text
let sal know by text i will be attending,26,text
start a new text to maureen and tell her i go mom's christmas present,26,text
create a new text,26,text
text bill and tell him i'll be 30 minutes late,26,text
create a text message to,26,text
set up a new text message,26,text
give a text to my cousin linda that says happy birthday,26,text
text my mom for me and tell them i will be home soon,26,text
text tony and invite him to my party next saturday,26,text
text chris and ask what time he will be home,26,text
text christy and ask her what she wants for dinner,26,text
i have to have a text sent,26,text
text nick and tell him the car's ready,26,text
i need to send a text,26,text
text robby hello,26,text
can you text elizabeth and tell them i forgot to bring drinks,26,text
i need a blackberry pie recipe,104,recipe
find a recipe for german chocolate cake,104,recipe
please find me a recipe for spaghetti now,104,recipe
can you find me a recipe for sugar cookies,104,recipe
i need a recipe on how to make beef stew,104,recipe
i need you to find me a recipe for fried shrimp,104,recipe
what's the best way to make chicken stir fry,104,recipe
can you instruct me on how to make german chocolate cake,104,recipe
please help me with instructions on making chicken curry,104,recipe
how do i make the perfect omelette,104,recipe
how do you make blackberry pie,104,recipe
i need the best recipe for mashed potatoes,104,recipe
can you find me a recipe for pie,104,recipe
search for a macaroni and cheese recipe,104,recipe
i need to know how to make philly cheesesteaks,104,recipe
can you give me a recipe for german chocolate cake,104,recipe
what is a good chili recipe,104,recipe
i need help finding a recipe for enchiladas,104,recipe
how do you create pork chili,104,recipe
please give me instructions on making blueberry pie,104,recipe
is there a good website to teach me how to make sushi,104,recipe
how do i make pumpkin pie,104,recipe
is there a recipe for chili i can use,104,recipe
can you find me a recipe for quiche,104,recipe
how do i make lassagna,104,recipe
what do i need to do to make blackberry pie,104,recipe
can you get me a recipe for mashed potatoes,104,recipe
i need a recipe for chicken pot pie,104,recipe
what is needed you to cook apple pie,104,recipe
can you find me a recipe for honey ham,104,recipe
where can i look to learn to make sushi,104,recipe
i am looking for a vegan friendly italian pasta recipe,104,recipe
what do you need to do to make sushi,104,recipe
how do i make beef stroganoff,104,recipe
i need a quick recipe for spiral ham,104,recipe
can you search for the best new york style cheesecake recipes please,104,recipe
can you find me a recipe for ribs,104,recipe
please show me a recipe for chili,104,recipe
how do you cook apple pie,104,recipe
can you find me a recipe for coffee cakes,104,recipe
tell me how to make chow mein,104,recipe
find a good recipe for meatloaf,104,recipe
how do i make lemon merengue pie,104,recipe
how can i make chicken pot pie,104,recipe
i need a recipe for beef,104,recipe
can you find me a recipe for pasta,104,recipe
can you find me a recipe for salsa,104,recipe
blackberry pie instructions,104,recipe
how do you cook meatloaf,104,recipe
look up easy to follow recipes for beef ribs,104,recipe
please turn my fan on,10,smart_home
please turn the fan on,10,smart_home
can you get the fan going in here,10,smart_home
lock all the doors,10,smart_home
what's the ac set to,10,smart_home
can you lock all the doors in the house,10,smart_home
turn tv on please,10,smart_home
start my vehicle,10,smart_home
remember to lock the doors,10,smart_home
what is the ac temperature,10,smart_home
i need some air; get the fan going,10,smart_home
turn the fan on,10,smart_home
please check the door to see who is there,10,smart_home
light the bedroom lights,10,smart_home
please set the temperature to 70,10,smart_home
put the garage lights on,10,smart_home
make sure all doors are locked,10,smart_home
can you please dim the lights,10,smart_home
make the lights dimmer please,10,smart_home
what temperature is the ac set at,10,smart_home
can you get my car started,10,smart_home
set temperature to 75,10,smart_home
what is the temperature on the ac,10,smart_home
warm up my car for me,10,smart_home
on the lounge lights turn,10,smart_home
make sure the oven is set to 350 please,10,smart_home
will you please get my furnace turned on,10,smart_home
can you turn on the lights in the den,10,smart_home
who is at my front door,10,smart_home
tv on turn,10,smart_home
please start my car,10,smart_home
turn the tv to on right now,10,smart_home
turn the fan on please,10,smart_home
turn on the fan,10,smart_home
what's the persons name at my door,10,smart_home
please get my car started before i go out to it,10,smart_home
who is knocking,10,smart_home
i need my furnace turned on,10,smart_home
please lock every door,10,smart_home
can you look who is at the door,10,smart_home
set the temperature to 78,10,smart_home
can put fan on,10,smart_home
make the temperature 78 in here,10,smart_home
did anyone securely lock the door,10,smart_home
turn the fan to the on position,10,smart_home
can you turn on the lights in the backyard,10,smart_home
lock every door on the property,10,smart_home
turn lights on in my master bathroom,10,smart_home
activate my furnace please,10,smart_home
set the temperaure to 71,10,smart_home
who is your boss,57,who_do_you_work_for
which organization you work for,57,who_do_you_work_for
do you work for me or is that wrong,57,who_do_you_work_for
who directs your labor,57,who_do_you_work_for
who is you employer,57,who_do_you_work_for
do you happen to be employed by me,57,who_do_you_work_for
you work for someone else or no,57,who_do_you_work_for
what is your boss's name,57,who_do_you_work_for
are you here to serve me,57,who_do_you_work_for
who are they that you work for,57,who_do_you_work_for
what entity is your boss,57,who_do_you_work_for
who do yo work for,57,who_do_you_work_for
are you my worker,57,who_do_you_work_for
don't you work for your self,57,who_do_you_work_for
am i your employer,57,who_do_you_work_for
are you employed by someone,57,who_do_you_work_for
what does your boss go by,57,who_do_you_work_for
are you self employed,57,who_do_you_work_for
who do you work for,57,who_do_you_work_for
do you work for anyone else,57,who_do_you_work_for
who tells you what to do,57,who_do_you_work_for
i need to know who is your boss,57,who_do_you_work_for
what is the name of your boss,57,who_do_you_work_for
do you have a boss,57,who_do_you_work_for
who do you report to,57,who_do_you_work_for
are you now working for me,57,who_do_you_work_for
who is in charge of you,57,who_do_you_work_for
you work for what company or person exactly,57,who_do_you_work_for
are you working for me,57,who_do_you_work_for
don't you work for someone else,57,who_do_you_work_for
who pay your salary,57,who_do_you_work_for
am i your supervisor,57,who_do_you_work_for
who would you say you are employed by,57,who_do_you_work_for
am i the one you work for,57,who_do_you_work_for
who else do you work for,57,who_do_you_work_for
who else commands you,57,who_do_you_work_for
is there another company you work for,57,who_do_you_work_for
who do you do task for,57,who_do_you_work_for
who do you function for,57,who_do_you_work_for
do you have another job,57,who_do_you_work_for
let me know who is your boss,57,who_do_you_work_for
who is the boss of you,57,who_do_you_work_for
is there another entity you work for,57,who_do_you_work_for
is there someone else you work for,57,who_do_you_work_for
am i your manager,57,who_do_you_work_for
what organization do you work for,57,who_do_you_work_for
who do you call your boss,57,who_do_you_work_for
who do you job for,57,who_do_you_work_for
are you working for someone else,57,who_do_you_work_for
do you have an employer,57,who_do_you_work_for
what is my citigroup card's rewards balance,50,rewards_balance
how many points are on my gold card,50,rewards_balance
where are rewards from my visa card visible,50,rewards_balance
how many points do i have on my mastercard,50,rewards_balance
i need to find out the rewards points i have left on my american express card,50,rewards_balance
what is the reward balance on my discover card,50,rewards_balance
what's the current reward amount on my visa,50,rewards_balance
i wonder how many points i have earned with my bank of america card,50,rewards_balance
what is the number of points i earned with my mastercard,50,rewards_balance
have i earned a lot of points on my capital one card,50,rewards_balance
how would i be able to check my kohls rewards card,50,rewards_balance
what is my current reward point total on my visa card,50,rewards_balance
how many delta miles are on my card right now,50,rewards_balance
i have how many tier credits on my caesar's card,50,rewards_balance
how many rewards points do i have for my mastercard,50,rewards_balance
what's the reward point count on my discover card,50,rewards_balance
where are my rewards for my chase card,50,rewards_balance
what do i have to do to see my rewards for my chase card,50,rewards_balance
how many points did i get on my visa card,50,rewards_balance
what is the amount of rewards points on my visa card,50,rewards_balance
how do i check how many rewards i have on my master card,50,rewards_balance
how many points have i accumulated on my mastercard,50,rewards_balance
is there a better way to check my visa rewards card balance,50,rewards_balance
what's the balance of my reward points on my discover card,50,rewards_balance
how can i see my rewards for my visa card,50,rewards_balance
what's my visa's current rewards balance,50,rewards_balance
can i check my visa reward balance online,50,rewards_balance
do you know how many rewards points are currently on my discover card,50,rewards_balance
what the current balance of reward points on my mastercard,50,rewards_balance
how high are the rewards on my discover card,50,rewards_balance
how many points did my visa earn,50,rewards_balance
how do i see me rewards for my chase card,50,rewards_balance
what points were earned on my mastercard,50,rewards_balance
how many points have i already accrued on my chase mastercard,50,rewards_balance
add up my reward points for master card,50,rewards_balance
when can i receive rewards on my visa card,50,rewards_balance
help me check my visa rewards card,50,rewards_balance
tell me how to check my rewards for my american express card,50,rewards_balance
how many rewards points do i have for my wells fargo card,50,rewards_balance
how many rewards do i have on my chase card,50,rewards_balance
how many reward points does my discover card have,50,rewards_balance
how many rewards points do i have for my chase card,50,rewards_balance
i need to hear how many points i've obtained on my capital one visa,50,rewards_balance
figure out my reward points for discovery card,50,rewards_balance
what is my points total for my mastercard,50,rewards_balance
does my mastercard have any rewards points remaining,50,rewards_balance
how do i check my rewards for my gold card,50,rewards_balance
can you help me tell what my starbucks rewards balance is,50,rewards_balance
what is the easiest way to check my bank rewards card,50,rewards_balance
how many rewards do i now have on my hy-vee card,50,rewards_balance
can you get me a table for 2 at mexico viejo at 3pm,23,restaurant_reservation
reserve a table for two for 7:30 pm at dibruno's under patrick donoghue,23,restaurant_reservation
you must reserve a table for 4 at red robin under the name kevin at 7,23,restaurant_reservation
i'd like a reservation for 2 at olive garden for 5 pm today,23,restaurant_reservation
i need to make a reservation for 8 pm at red robin for 3,23,restaurant_reservation
i think i need to make a reservation for 8 pm at red robin for 3,23,restaurant_reservation
can you get me a table for 4 at steve's,23,restaurant_reservation
i need you to reserve a table for 6:00 pm for three at devon's seafood,23,restaurant_reservation
"hello, i'd like a reservation for two at the olive garden at six tonight",23,restaurant_reservation
"i think we should reserve dad's regular table friday for 6 people, use his name, make that close to 4:00 pm at the club",23,restaurant_reservation
make a reservation at 5 pm today for 2 at olive garden,23,restaurant_reservation
you have to reserve a table for 4 at red robin under the name kevin at 7,23,restaurant_reservation
book a reservation for 4 at outback steakhouse under the name dave,23,restaurant_reservation
can you get me a table for 6 at johnnys,23,restaurant_reservation
make a reservation for three at prime rib at 6:30 pm,23,restaurant_reservation
i gotta make a reservation for 8 pm at red robin for 3,23,restaurant_reservation
can i make a reservation for 8 pm at red robin for 3,23,restaurant_reservation
please make me a reservation for monty's at noon for 55555,23,restaurant_reservation
please reserve me a table for 2 pm at maxwell's on the 14th,23,restaurant_reservation
"hey computer, make a reservation for 2 for my parents at red lobster on wednseday next, 2:00pm if possible",23,restaurant_reservation
can i make a reservation for 2 at state bird for 8:30,23,restaurant_reservation
make me a reservation for 5 at coral for 10 pm immediately,23,restaurant_reservation
please reserve a table for two at rouge for 7:00 pm,23,restaurant_reservation
can you get me a table for 5 at johnnys,23,restaurant_reservation
reserve a table for 3 at outback steakhouse under the name lance at 7:00pm,23,restaurant_reservation
is it possible to get a table for 4 at the village inn around 10am,23,restaurant_reservation
please make a reservation for us at joy bar for 4 adults,23,restaurant_reservation
can you get me a table for two for 8:00 pm at parc,23,restaurant_reservation
"now, i need a reservation for backwoods crossing at seven for 6 people",23,restaurant_reservation
i would like a reservation for 6:30 pm at pietro's under the name david jones,23,restaurant_reservation
can you get me a table for 1 at the vega at 1pm,23,restaurant_reservation
i need you to reserve a table for 4 at red robin under the name kevin at 7,23,restaurant_reservation
can you book a table at the restaurant for me and my husband,23,restaurant_reservation
i want you to book a reservation for 8 pm at red robin under the name kevin,23,restaurant_reservation
please book a reservation for 8 pm at red robin under the name kevin,23,restaurant_reservation
i want to reserve a table at 8 at long john silver's under the name freddie,23,restaurant_reservation
"can i make a reservation for 2 at state bird for 7:30, please",23,restaurant_reservation
i want to have a table for 2 at the broadmore around 6,23,restaurant_reservation
i want to make a reservation for 8 pm at red robin for 3,23,restaurant_reservation
can i reserve a table for 2 at the olive garden at 8,23,restaurant_reservation
reserve a table for 5 at lawry's under the name steve at 8:00pm,23,restaurant_reservation
book a reservation for 3 at red lobster under the name steve,23,restaurant_reservation
can you get me a table for 8 at johnnys,23,restaurant_reservation
make me a reservation for tomorrow at happys for four,23,restaurant_reservation
book a reservation for 8 pm at red robin under the name kevin,23,restaurant_reservation
"call and make a 5:45 pm reservation for jason rogers, table for four",23,restaurant_reservation
can you make a reservation for me at the restaurant,23,restaurant_reservation
i need you to reserve at table for a party of four at devon's for 6:00 pm,23,restaurant_reservation
reserve a table for 4 at red lobster under the name dave at 7:30pm,23,restaurant_reservation
can you get me a table for 6 at mark's at 11am,23,restaurant_reservation
"i am going to south america, let my bank know",146,travel_notification
i'm going to be in thailand from october 15th until october 23rd,146,travel_notification
inform my bank that i'll be going to europe,146,travel_notification
i let my bank know that i'm traveling to greece from march to april,146,travel_notification
i need to let my bank know that i'll be travelling internationally,146,travel_notification
let me bank know i will be in brazil from june 1st to july 1st,146,travel_notification
"let my bank know that i'll be in moscow, russia",146,travel_notification
im going to be in slovakia from january 16th until january 19th,146,travel_notification
"i am going to asia in a bit, i should tell the bank",146,travel_notification
please tell my bank that i will be traveling abroad,146,travel_notification
how can i tell my bank i'm going to vietnam,146,travel_notification
please let my bank know that i will be in uruguay from january to august,146,travel_notification
notify my bank i'll be in rome from the 1st to the 17th,146,travel_notification
inform my bank i will be travelling to central africa,146,travel_notification
please tell my bank i will be in israel from the 6th to the 23rd,146,travel_notification
im going to be in paraguay from january 7th until january 10th,146,travel_notification
i'm travelling to seattle soon and want to inform my bank,146,travel_notification
can you tell my bank that i'll be travelling internationally soon,146,travel_notification
i'm travelling to spain soon and want to inform my bank,146,travel_notification
alert my bank and let them know that i'm travelling to brussels,146,travel_notification
i'm traveling to fresnosoon and want to inform my bank,146,travel_notification
i need to let my bank know i am traveling to chicago,146,travel_notification
i'm traveling to denmark soon and want to inform my bank,146,travel_notification
please tell the bank i will be traveling internationally,146,travel_notification
how do i inform my bank i'm going to paris,146,travel_notification
can you let my bank know i'll be in uruguay from january to august,146,travel_notification
tell my bank that i'll be in canada this weekend,146,travel_notification
i'm traveling to england soon and want to inform my bank,146,travel_notification
the bank should know i am going to asia soon,146,travel_notification
"from january to august, i will be in uruguay, please let me bank know",146,travel_notification
let my bank know that i'm going to norway between march 3 and march 5,146,travel_notification
i'm traveling to ca soon and want to inform my bank,146,travel_notification
tell my bank that i'm going to france,146,travel_notification
alert my bank and let them know that i'm travelling to stockholm,146,travel_notification
"i will be in uruguay from january to august, please let me bank know",146,travel_notification
please let my bank know that i will be in rome from february 1 to march 1,146,travel_notification
i'm traveling to belgium soon and want to inform my bank,146,travel_notification
i am going out of country and need to inform my bank,146,travel_notification
i'm traveling tony soon and want to inform my bank,146,travel_notification
alert my bank and let them know that i'm travelling to china,146,travel_notification
i'm travelling to boston soon and want to inform my bank,146,travel_notification
inform my bank that i will be in rome from february 1 to march 1,146,travel_notification
im going to be in canada from august 10th until august 12th,146,travel_notification
"i'll be out of the country soon, and want to notify my bank",146,travel_notification
alert my bank and let them know that i'm travelling to switzerland,146,travel_notification
mark down that i will be in rome from february 1 to march 1 and notify my bank,146,travel_notification
i am going out of country and my bank needs to be notified,146,travel_notification
tell my bank i am taking a trip to brazil from june 1st to july 1st,146,travel_notification
how can i let my bank know i'm going to denmark,146,travel_notification
"i'm going to paris soon and want to let my bank know, how do i do that",146,travel_notification
add one by metallica to my playlist,141,update_playlist
please add roar by katy perry to my playlist,141,update_playlist
add a song to my rock playlist,141,update_playlist
i wanna add help! by the beatles to my playlist,141,update_playlist
insert what i am listening to into my jazz playlist,141,update_playlist
new playlist that i will add god's plan to,141,update_playlist
could you insert broken by evanescence to my music,141,update_playlist
add god's plan by drake to my playlist,141,update_playlist
"connect this song to my playlist ""kids",141,update_playlist
add help! by the beatles to my playlist,141,update_playlist
my new playlist well be having god's plan adding to it,141,update_playlist
add this song to my top 40 playlist,141,update_playlist
i wanna add this song to my rock playlist,141,update_playlist
add 7 rings to my pop playlist,141,update_playlist
please add this song to my alternative playlist,141,update_playlist
put this song on my reggae playlist,141,update_playlist
please add someday by the strokes to my playlist,141,update_playlist
"the song that's on, add it to my favorite playlist",141,update_playlist
add walk by pantera to my playlist,141,update_playlist
add the current song to my favorite playlist,141,update_playlist
"put mambo #5 by lou bega on my playlist, please",141,update_playlist
yellow by coldplay to my playlist please,141,update_playlist
this song should be add this on my rock playlist,141,update_playlist
god's plan will be added to my new playlist,141,update_playlist
put dr feelgood by motley crue on my playlist,141,update_playlist
can you please add hero by skillet to my playlist,141,update_playlist
favorite what's currently playing on my playlist,141,update_playlist
add hells bells by acdc to my playlist,141,update_playlist
add mia to my spanish playlist,141,update_playlist
i want to have happy added to my rb playlist,141,update_playlist
add single ladies by beyonce to my pop playlist,141,update_playlist
add baby shark to my kid playlist,141,update_playlist
i need to add this song to my playlist of rock,141,update_playlist
let's add wonder by hillsong united to my playlist,141,update_playlist
please put this song on my moody monday playlist,141,update_playlist
"please add to ""kids"" playlist",141,update_playlist
add what's playing on my favorite playlist,141,update_playlist
i would like to add you say by lauren daigle to my playlist,141,update_playlist
please add this song to my jazz playlist,141,update_playlist
this song needs to be added to my reggae playlist,141,update_playlist
will you add what i'm listening to to my dinner playlist,141,update_playlist
"i want this song put on my ""kids"" playlist",141,update_playlist
will you add what i'm listening to to my bedroom playlist,141,update_playlist
add welcome to the jungle by guns n roses to my playlist,141,update_playlist
add yosemite to my rap playlist,141,update_playlist
will you add what i'm listening to to my road trip playlist,141,update_playlist
"make this song part of the ""kids"" playlist",141,update_playlist
append my playlist with smooth operator by sade,141,update_playlist
add this song to my dinner playlist,141,update_playlist
add this song to my slow jams playlist,141,update_playlist
can i increase my volume,150,change_volume
volume needs to be at 4,150,change_volume
go now and increase the volume to 4 please,150,change_volume
please your volume,150,change_volume
i'd like it to be louder,150,change_volume
i need it louder,150,change_volume
set volume higher,150,change_volume
please increase your volume,150,change_volume
the volume should be decreased,150,change_volume
go ahead and put the volume to 4,150,change_volume
"increase the volume level to 4, please",150,change_volume
please increase the volume to 4 please,150,change_volume
make the sound of my speaker greater,150,change_volume
would you please increase your speaker volume,150,change_volume
i would like the volume lower,150,change_volume
limit your volume,150,change_volume
raise the volume to 4 please,150,change_volume
raise volume,150,change_volume
please go ahead and increase your speaker volume,150,change_volume
the sound is too low,150,change_volume
can my volume be increased,150,change_volume
increase your voice box,150,change_volume
change the speaker volume to a louder one,150,change_volume
make the speakers louder,150,change_volume
lower the volume,150,change_volume
bring the sound up,150,change_volume
turn it up please,150,change_volume
turn volume to the number 4 setting,150,change_volume
decrease volume,150,change_volume
make the volume louder,150,change_volume
boost volume to 4,150,change_volume
please raise volume,150,change_volume
please speak louder,150,change_volume
turn down your volume,150,change_volume
i want to increase your volume,150,change_volume
you must increase the volume to 4 please,150,change_volume
increase the volume level to 4 now,150,change_volume
set the volume to 4 now,150,change_volume
i want you to your volume,150,change_volume
turn your voice box down,150,change_volume
please increase the volume to 4,150,change_volume
can you please turn the volume to 4,150,change_volume
can you rise the volume of this please,150,change_volume
please increase volume,150,change_volume
can you turn this down,150,change_volume
go ahead and your volume,150,change_volume
please make sure the volume is on 4,150,change_volume
turn the volume up,150,change_volume
i'd like to turn up the volume,150,change_volume
i want volume set to 4,150,change_volume
i must know my bank of america routing number,45,routing
please tell me the routing number for my wells fargo account,45,routing
what's the routing number for my current checking,45,routing
what's bank of america's routing number,45,routing
i want to know my routing number please,45,routing
will you tell me my routing number,45,routing
i need the routing number for my woodlawn account,45,routing
let me know what the routing number for my civista account is,45,routing
"ai, what is my chase checking routing number",45,routing
tell me my bank of america routing number,45,routing
how can i find my routing number for el dorado,45,routing
i need to know the routing number for my wells fargo account,45,routing
what's the routing number for my bank of america account,45,routing
could you tell me what my routing number from first republic is,45,routing
what's my bank routing number,45,routing
where do i find the routing number for chase,45,routing
what is my routing number for marine bank,45,routing
can you help me find my routing number from wells fargo,45,routing
tell me my bank routing number,45,routing
please find the routing number for chase bank accounts opened in new york,45,routing
where do i go to find my routing number for southpoint,45,routing
can i get the routing number for sunflower bank,45,routing
how do i find axos bank's routing number,45,routing
where do i find the routing number for usaa,45,routing
i need the routing number to my chase checking account,45,routing
can you tell me my routing number for summit,45,routing
display the routing number for account huntington,45,routing
where can i see the routing number for bmo,45,routing
what is my routing number on my checking account,45,routing
what's the routing number for my chase account,45,routing
what is the routing number on my first merit account,45,routing
what is my routing number,45,routing
tell me my first national account's routing number,45,routing
give me the routing number for my paragon account,45,routing
"ai, routing number for my b of a checking account",45,routing
i must learn my routing number,45,routing
i need to know my bank of america routing number,45,routing
let me know my bank of america routing number,45,routing
where do i find the routing number for bank of america,45,routing
"ai, what is the routing number for my citibank savings account",45,routing
how can i find my routing number from bank of america,45,routing
where do i find the routing number for great western bank,45,routing
how do i locate my routing number for tax reasons,45,routing
what routing number do i use to send an international wire with citibank,45,routing
please give my routing number for my national account,45,routing
"ai, what is my chase routing number",45,routing
what's my pioneer routing number,45,routing
please tell me my bank of america routing number,45,routing
what's the routing number for my savings account,45,routing
routing number for american river,45,routing
do you know the fuel economy of this car,142,mpg
what's the miles per gallon on this car,142,mpg
how does this cars mpg do on the highway,142,mpg
how much gas does this use in the city,142,mpg
how many miles per gallon does it get in the city,142,mpg
"for city driving, what's the car's mpg",142,mpg
what's the fuel economy for this car downtown,142,mpg
how many mpg does this rig get when i'm in the city,142,mpg
what kind of mileage do i get out of gas,142,mpg
what gas mileage does my car get,142,mpg
how many miles per gallon does this car get in the city,142,mpg
what is my average mpg in this car,142,mpg
what kind of gas mileage do i get,142,mpg
is the fuel economy of this car good or bad,142,mpg
how many miles does my car get per gallon,142,mpg
tell me what this cars highway mpg is,142,mpg
what kind of mpg does this car get in the city,142,mpg
how good is the fuel usage for this vehicle,142,mpg
do you know what this car's mpg is,142,mpg
what is the highway mpg on this car,142,mpg
how much is my mpg,142,mpg
my mpg is how much,142,mpg
what is the city fuel efficiency for this car,142,mpg
what are the estimates for the car's highway mpg,142,mpg
what's the mileage on my car,142,mpg
what is the mpg,142,mpg
what is the mpg like for this car while driving in the city,142,mpg
what's my car's gas mileage,142,mpg
what is the mpg on this car,142,mpg
what's the non-city mpg for this car,142,mpg
how many mpg does this get on the highway,142,mpg
how is this car rated for fuel economy,142,mpg
retrieve my current mpg on my car,142,mpg
what mpg does my car get,142,mpg
whats the cars fuel mileage like,142,mpg
how many mpgs does this car get on the highway,142,mpg
how much mpg does this car get in the city,142,mpg
can you tell me the mpg of this car,142,mpg
how expensive is it to fuel this car,142,mpg
what's this car do for fuel economy,142,mpg
how many miles per gallon do i get,142,mpg
how's the fuel efficiency for city driving for this car,142,mpg
what's the fuel economy of my car,142,mpg
how many miles per gallon does my car get,142,mpg
how's the mpg for this on the freeway,142,mpg
what mpg does this car get on the highway,142,mpg
average mpg,142,mpg
calculate car mpg,142,mpg
what's this car guzzle in gas when driving in town,142,mpg
what's my current mpg,142,mpg
tell me what is owed for my water and gas bills,27,bill_balance
how much is my electric bill for this month,27,bill_balance
what's the amount due on my latest sprint bill,27,bill_balance
what is the balance on my bills,27,bill_balance
how much do i need to pay on my bills,27,bill_balance
what am i being charged for my water bill,27,bill_balance
can you tell me what i owe for this month's phone bill,27,bill_balance
what's the balance on my bills,27,bill_balance
how much are all my bills combined,27,bill_balance
tell me how much my verizon and comcast bill come to together,27,bill_balance
what is the total amount that i owe to sony and verizon,27,bill_balance
"for my water and electricity, how much is the bill",27,bill_balance
i need to know the cost of the cable bill,27,bill_balance
what's the balance on my sprint account,27,bill_balance
what's the cost of my dte bill plus my electricity bill,27,bill_balance
do i still owe any bills,27,bill_balance
how much do i owe on bills,27,bill_balance
please let me know how much my bills for comcast and sprint total,27,bill_balance
"i need the dollar amount due on my verizon bill, please",27,bill_balance
what do i owe for my utilities bill,27,bill_balance
what's my mortgage payment going to be this month,27,bill_balance
what's the sum of all i owe on bills this month,27,bill_balance
tell me what amount i have to pay for my directv bill please,27,bill_balance
how much are utilities,27,bill_balance
read my bill balances,27,bill_balance
how much is my water bill for,27,bill_balance
how much do i have on credit card bill,27,bill_balance
how much in total do i need to pay cox and at&t,27,bill_balance
can you check the balance on the water bill,27,bill_balance
how much do i have to pay for my bills this month,27,bill_balance
let me know the amounts i owe for my utilities and tuition bills,27,bill_balance
how much on bills to i have to pay,27,bill_balance
remind me of the invoice total for my plumbing bill,27,bill_balance
can you find out how much i owe on my bills,27,bill_balance
what is the total amount due on my electricity bill,27,bill_balance
i need to know the amounts due for my utilities and cable bills,27,bill_balance
how much is my current water bill for,27,bill_balance
tell me how much my cable bill is,27,bill_balance
how much is my cable bill for,27,bill_balance
how much do i have to pay for my cable bill,27,bill_balance
add all my bills for this month and tell me the total,27,bill_balance
please tell me how much i owe sprint and how much i owe hsn,27,bill_balance
what do i owe bill wise,27,bill_balance
how much is my groceries and gas bill,27,bill_balance
how much is my electric bill for,27,bill_balance
my dte bill is how much,27,bill_balance
i need to know my bill total for my verizon payment due this month,27,bill_balance
what's the final amount of all the money i need to pay in bills this month,27,bill_balance
how much is my internet bill,27,bill_balance
what is the cost of water and electric this month,27,bill_balance
tell me all about the creatures you own,34,do_you_have_pets
tell me what kinds of pets you have,34,do_you_have_pets
do you keep any pets,34,do_you_have_pets
what sort of animals are your pets,34,do_you_have_pets
would you say that you are now a pet owner,34,do_you_have_pets
i need to know what kinds of pets you have,34,do_you_have_pets
do you own pets,34,do_you_have_pets
tell me whether you are a cat or dog person,34,do_you_have_pets
what is the colour of your pets,34,do_you_have_pets
would you like to live with a cat or a dog,34,do_you_have_pets
"what sort of person are you, a cat or dog person",34,do_you_have_pets
share some information about your pets with me,34,do_you_have_pets
to what animal species do your pets belong,34,do_you_have_pets
i'd like to learn more about your pets,34,do_you_have_pets
what are the pets that you raise,34,do_you_have_pets
can you tell me the types of pets you have,34,do_you_have_pets
how many pets do you have,34,do_you_have_pets
tell me if you like cats or dogs,34,do_you_have_pets
tell me about your pets,34,do_you_have_pets
do you like cats or dogs,34,do_you_have_pets
"specifically, what pets do you own",34,do_you_have_pets
so are cats and dogs liked by you,34,do_you_have_pets
cats or dogs,34,do_you_have_pets
so do you like cats or dogs,34,do_you_have_pets
why types of animals do you currently have as pets,34,do_you_have_pets
i am curious about whether you have pets,34,do_you_have_pets
how old are your pets,34,do_you_have_pets
i must know what kinds of pets you have,34,do_you_have_pets
what are the pet types you own,34,do_you_have_pets
which animals do you have at home,34,do_you_have_pets
do you have many kinds of pets at your house,34,do_you_have_pets
the pets are all good,34,do_you_have_pets
kind of what pets do you have,34,do_you_have_pets
would you tell me what kind of pets you have,34,do_you_have_pets
i gotta know what kinds of pets you have,34,do_you_have_pets
"if you had to choose, would you choose a cat or a dog",34,do_you_have_pets
what are all your pets,34,do_you_have_pets
can you tell me about the pets you have,34,do_you_have_pets
are you a cat person,34,do_you_have_pets
"which do you prefer, cats or dogs",34,do_you_have_pets
i want to hear about your pets,34,do_you_have_pets
"on pets, what kind do you have",34,do_you_have_pets
are you a pet owner,34,do_you_have_pets
do you like cat or dogs,34,do_you_have_pets
how many different pets do you have,34,do_you_have_pets
"think about if you could only say one or the other, which animal do you see yourself choosing, cats or dogs",34,do_you_have_pets
what sorts of pets do you own,34,do_you_have_pets
pets you have what kind,34,do_you_have_pets
are you currently a pet owner,34,do_you_have_pets
would you say you like dogs more or cats more,34,do_you_have_pets
how long does it take to make roast chicken,86,cook_time
how long does it take pork to cook,86,cook_time
"i want to bake brownies, how long do they bake for",86,cook_time
how long to reheat chinese food,86,cook_time
what's the cooking time for chicken alfredo,86,cook_time
how long do you need to put the cuish in for,86,cook_time
how long should i wait before i can bake bread with homemade dough,86,cook_time
how long will it take me to make baked chicken,86,cook_time
when should i take an apple pie out,86,cook_time
tell me how long i ought to spend preparing fajitas,86,cook_time
how long does it take to cook roast beef,86,cook_time
how long does this dish need to be in the oven,86,cook_time
about how long should you cook a 10 pound turkey,86,cook_time
how many minutes do i cook baked ziti,86,cook_time
for how long should i bake the brownies,86,cook_time
noodles need to cook for how long,86,cook_time
how long should i boil noodles for,86,cook_time
how long does it take to cook a pork chop,86,cook_time
how long should i cook chicken thighs,86,cook_time
how long does it take to make shrimp scampi,86,cook_time
what's the time it takes to make a decent omelette,86,cook_time
i need to know how long to do a pot roast in a slow cooker,86,cook_time
if i cook the pizza at 400 degrees how long must it be in for,86,cook_time
so how long do you think the chicken will take,86,cook_time
how long should this be in the oven,86,cook_time
how long to cook a frozen pizza,86,cook_time
what's the preparation time for spaghetti,86,cook_time
how long does it take to make lasagna,86,cook_time
what amount of time do i need to cook lobster for,86,cook_time
what's the prep time for a garden salad,86,cook_time
how long do the brownies need to be in the oven,86,cook_time
how long do i cook this dish of rice,86,cook_time
how long am i supposed to cook pork loin,86,cook_time
how long does it take to bake a pork loin,86,cook_time
how long should i cook the asparagus for,86,cook_time
what's the cooking time for the cake,86,cook_time
how long should a cake bake,86,cook_time
how long will it take to fix shepherd's pie,86,cook_time
how much time do i need to make the chicken,86,cook_time
how long should i cook a glazed ham,86,cook_time
how long should i expect beef stroganoff to prepare,86,cook_time
how long do you cook a hamburger for,86,cook_time
how long should i cook a steak for,86,cook_time
how long should i cook a ny steak,86,cook_time
how long does it take to cook ham,86,cook_time
i need the cooking length for a turkey,86,cook_time
how long do noodles need to cook,86,cook_time
what is the duration of time cookies should be in the oven,86,cook_time
how long to i bake the brownies,86,cook_time
how long do i need to make lasagne,86,cook_time
which song is playing now,21,what_song
what is this song,21,what_song
what's this song called,21,what_song
help me to know what song is playing,21,what_song
what is the title of this tune,21,what_song
can you tell me what this song is,21,what_song
who is this song that's on the stereo,21,what_song
what is playing,21,what_song
what's the name of this tune,21,what_song
what's the name of this song i'm listening to,21,what_song
what band is this,21,what_song
what is that song that's playing,21,what_song
what's the artist's name of this song,21,what_song
what is the song that's playing,21,what_song
what is the song that is currently playing,21,what_song
what's the current song that we are listening at this time,21,what_song
what's the song currently playing,21,what_song
whats the title of this song,21,what_song
what's the name of what's playing on my speakers,21,what_song
i'd like to know this song's name,21,what_song
what music is playing on the the bluetooth now,21,what_song
i am needing to know what song is playing,21,what_song
whats the name of the playing song,21,what_song
can you look up the name of this song,21,what_song
which song is playing,21,what_song
tell me the name of the song that is playing,21,what_song
tell me the title of this song,21,what_song
do you know the name of this song,21,what_song
what is the current song,21,what_song
can you tell me the name of this song,21,what_song
what's song am i hearing,21,what_song
what's the now playing song that we are listening to,21,what_song
do you know what this song is,21,what_song
what am i hearing on the speakers now,21,what_song
i need to know this song's name,21,what_song
can you tell me this song,21,what_song
can you tell me the mane of the song playing,21,what_song
what is the track title of the song playing,21,what_song
who sings this song,21,what_song
whats the title of this,21,what_song
what's the name of the current song,21,what_song
i'd like to know what this song is,21,what_song
tell me this song's name,21,what_song
tell me the song that's playing right now,21,what_song
who plays this song,21,what_song
can you tell me the song we are listening to,21,what_song
what's this song,21,what_song
whats the name of this song,21,what_song
who sang this song,21,what_song
tell me what song this is,21,what_song
how do i go about applying for a new credit card,91,new_card
show me how to apply for a visa card,91,new_card
what if you need to obtain a new credit card,91,new_card
could you please let me apply for a new credit card,91,new_card
tell me how to apply for an american express card,91,new_card
what if you want to obtain a new credit card,91,new_card
hey what do i do to apply for a visa card,91,new_card
i am hoping to apply for an amex card,91,new_card
can you apply for idaho independent card for me,91,new_card
i would like to apply for a credit card,91,new_card
can you help me apply for a visa card,91,new_card
i would like to apply for a discover card,91,new_card
how to apply for platinum card,91,new_card
i would like to apply for a bank of america travel rewards credit card,91,new_card
how can i apply for a discover card,91,new_card
walk me through the process of applying for an american express card,91,new_card
show me the application for a visa card,91,new_card
what do i need to do to get an american express card,91,new_card
can i get a brand new card please,91,new_card
how can i apply for a visa card,91,new_card
show me how i can get a new credit card,91,new_card
i would like to apply for a green card,91,new_card
how do i apply for a barclay's card,91,new_card
how do applications for discover cards work,91,new_card
may i apply for a new credit card,91,new_card
what's the procedure to apply for a new credit card,91,new_card
might i be able to apply for a new credit card,91,new_card
"i would like to apply for a air canada card visa, can you help me",91,new_card
can i get a new card,91,new_card
can you help me get a new credit card,91,new_card
can i apply for a discover card,91,new_card
can i complete an application for a new credit card,91,new_card
how do i get a new credit card sent to me,91,new_card
is it possible to apply for a new credit card,91,new_card
tell me the process of applying for a apollo card,91,new_card
can you tell me how to apply for a western card,91,new_card
apply for a kbc card for me,91,new_card
can you tell me if i might be able to apply for a new credit card,91,new_card
i need help figuring out a new credit card to get,91,new_card
walk me through applying for a visa card,91,new_card
is this how i apply for a discover card,91,new_card
i intend to apply for an american express card,91,new_card
"how can i apply for a mastercard, please",91,new_card
what if you want a new credit card,91,new_card
help me apply for an american express card,91,new_card
i am interested in applying for a visa card,91,new_card
i think i'd like to apply for an amex,91,new_card
i gotta apply for a new credit card,91,new_card
i desire to apply for a bank of america travel rewards credit card,91,new_card
i need to apply for a visa card,91,new_card
i need to include a stop at the pharmacy to the list of things to do,65,todo_list_update
mark down cleaning the bathroom on my list of things to do,65,todo_list_update
i need to do dishes put it on my to do list,65,todo_list_update
take watering the plants off of my to do list,65,todo_list_update
add clean the bathroom to my task list,65,todo_list_update
delete everything from the task list,65,todo_list_update
make my todo list blank,65,todo_list_update
help remind me that i need to add laundry to my list of housework,65,todo_list_update
add mop bathroom to my to do list,65,todo_list_update
can you place laundry on my to do list,65,todo_list_update
put wash the counters down on my list of pending tasks,65,todo_list_update
i want you to add cleaning the toilet to my to do list,65,todo_list_update
please also list wash laundry on my to do list,65,todo_list_update
put cleaning on my to do list,65,todo_list_update
please put washing the dishes on my list of tasks to accomplish,65,todo_list_update
throw mopping onto my to do list,65,todo_list_update
add do laundry to my to do list,65,todo_list_update
would you kindly remove five mile run from my list of things to do,65,todo_list_update
take doing the dishes off my todo list,65,todo_list_update
"can you add a trip to the post office to my to do list, please",65,todo_list_update
can you kindly clear my agenda list,65,todo_list_update
please get rid off everything on my to do list,65,todo_list_update
will you add mopping to my to do list please,65,todo_list_update
"on my to do list, add exercising",65,todo_list_update
erase all items on my todo list,65,todo_list_update
"on my to do list, add dishes",65,todo_list_update
will you make sure that mopping is on my to do list,65,todo_list_update
please remind me to add laundry to my list of chores,65,todo_list_update
add washing dishes to my to do list,65,todo_list_update
will you please put remember to drop off at the dry cleaner's to my current to do list,65,todo_list_update
add cleaning to my to do list,65,todo_list_update
nix folding laundry from my todo list,65,todo_list_update
to my domestic task list please add paint kitchen,65,todo_list_update
add to my task list get carpet cleaned,65,todo_list_update
can you please add take out recycling on my list of chores to complete,65,todo_list_update
add laundry to my list of shit to do,65,todo_list_update
add clean bathroom to my to do list,65,todo_list_update
remove all items from todo list,65,todo_list_update
blank out my todo list,65,todo_list_update
put buy dog food on my to do list,65,todo_list_update
please include laundry on my to do list,65,todo_list_update
"erase get a haircut from my to do list, please",65,todo_list_update
will you put change the light bulbs on my list of things to do,65,todo_list_update
delete everything on my to do list,65,todo_list_update
you can remove vacuuming off the todo list,65,todo_list_update
please erase everything on my to do list,65,todo_list_update
cross volunteering off my todo list,65,todo_list_update
"on my list of things to do, add cleaning",65,todo_list_update
"on my to do list, i need cleaning added",65,todo_list_update
"on my to do list, add cleaning",65,todo_list_update
"if i'm heading to the mall at 5:00, what will the traffic be like",24,traffic
give me an idea of traffic on the way to the doctors office at 6,24,traffic
is the traffic bad on the way to work,24,traffic
give me the traffic at lexington,24,traffic
what does traffic look like at 9 en route to the aquarium,24,traffic
has the ice made traffic messy on the way to walmart,24,traffic
what is the traffic like on the way to town,24,traffic
is traffic bad on my way to the next mcdonalds,24,traffic
what is the traffic nearest lexington,24,traffic
i need to know what traffic will be like in temp,24,traffic
at around noon what is the traffic typically like on the route to the hopsital,24,traffic
i must know what the traffic typically like at 3:30 on the route to phoenix,24,traffic
what's the traffic like on the way to walmart,24,traffic
i'm going to the mall at 5:00 what will traffic be like,24,traffic
are there alot of cars on the road before the stadium,24,traffic
how's traffic en route to virginia,24,traffic
what is the traffic like on the way to north shore,24,traffic
i need to know what the traffic is like on the way to phoenix,24,traffic
"will i be able to get to the mall at 5:00, or will there be a lot of traffic",24,traffic
tell me what the traffic is like on the way to phoenix,24,traffic
is there traffic to work,24,traffic
what is the traffic like,24,traffic
what's the traffic like on my way to the terminal,24,traffic
is traffic bad on the parkway,24,traffic
let me know the traffic in tempe,24,traffic
what is the traffic like on the way to work,24,traffic
is the traffic typically bad at noon on the route to the hopsital,24,traffic
how is the traffic on the way to work,24,traffic
what is the traffic like on the way to makaha,24,traffic
how is the traffic like on my way to fairfield,24,traffic
what's the traffic like to city hall,24,traffic
how bad is traffic at 8 on the way to burger king,24,traffic
is there any traffic congestion on my way to the closest whole foods,24,traffic
what is the traffic situation at the olive garden restaurant,24,traffic
how is the traffic at the nearest wal-mart pharmacy,24,traffic
is the expressway slow this morning,24,traffic
what is the traffic like at the closest safeway grocery store,24,traffic
how is the traffic near lexington,24,traffic
is there traffic on my way to work today,24,traffic
is there traffic up ahead,24,traffic
tell me how traffic is looking on the interstate,24,traffic
is there traffic on bramble lane,24,traffic
how is the traffic typically at noon on the route to hospital,24,traffic
what is the traffic like on the way to kaneohe,24,traffic
how clogged are the streets before the stadium,24,traffic
is there traffic on my way to work,24,traffic
traffic looking alright going towards burger king,24,traffic
i gotta know what the traffic is like on the way to phoenix,24,traffic
how's highway traffic today,24,traffic
what's the traffic like on the way to the water slides,24,traffic
please go to the song after this one,118,next_song
go to the next tune,118,next_song
go to my next song,118,next_song
hop to the next one,118,next_song
jump to the next song on this playlist,118,next_song
lets pause this song and move onto the next,118,next_song
change the song to the next one on this playlist,118,next_song
find the next song on this playlist,118,next_song
i want to listen to another song,118,next_song
go forward one song,118,next_song
"go to next song, please",118,next_song
go to the next song and skip,118,next_song
play the next song on this list,118,next_song
next song play,118,next_song
go forward to the next track,118,next_song
switch to the next song on this playlist please,118,next_song
what is the next song to be played,118,next_song
you must skip this song and play the next one,118,next_song
play the next track,118,next_song
please put on the next number on this playlist,118,next_song
go past this song,118,next_song
play the song coming on next,118,next_song
proceed to the next song on this playlist,118,next_song
i need you to play the next song on this playlist,118,next_song
"can you play the next song on this playlist, please",118,next_song
stop this song and go to the next one,118,next_song
start playing the next track,118,next_song
remember to play the next number on this particular playlist,118,next_song
play the song after this,118,next_song
forget this song and go to the next,118,next_song
skip and play next song,118,next_song
i would like to hear the next tune on this particular playlist,118,next_song
please play the next song on this playlist,118,next_song
please play the next song,118,next_song
continue to next song on the playlist,118,next_song
play the next hit,118,next_song
advance to the next song,118,next_song
stop the current song and play the next one on this playlist,118,next_song
go to next song,118,next_song
play next on the playlist,118,next_song
i want to listen to the next song on this playlist instead,118,next_song
play the next tune,118,next_song
can we play the next track,118,next_song
can you skip this song,118,next_song
i want you to play the next song on this playlist,118,next_song
"i don't want this song, move to the next",118,next_song
can you move to the next song,118,next_song
skip this song and play the next one,118,next_song
can we skip this song,118,next_song
can we stop this song and play the next one,118,next_song
where do you hail from,77,where_are_you_from
so where did you live when you were a baby,77,where_are_you_from
where did you last live,77,where_are_you_from
"when you were a child, where did you live",77,where_are_you_from
what is your country of origin,77,where_are_you_from
where are you from,77,where_are_you_from
what state were you born in,77,where_are_you_from
where did you live prior to living here,77,where_are_you_from
where was your home before here,77,where_are_you_from
where is your country of origin,77,where_are_you_from
do you know where you were born,77,where_are_you_from
where did you originate from,77,where_are_you_from
could you tell me where did you originate,77,where_are_you_from
did you grow up here,77,where_are_you_from
what is the area that you came from,77,where_are_you_from
would you care to let me know where you were made,77,where_are_you_from
where is your place of origin,77,where_are_you_from
what is your place of origin,77,where_are_you_from
where did you used to live,77,where_are_you_from
where were you made,77,where_are_you_from
what place were you created in,77,where_are_you_from
what country were you made,77,where_are_you_from
what location were you born in,77,where_are_you_from
your birth occurred where,77,where_are_you_from
where did you live previously,77,where_are_you_from
in which place were you made,77,where_are_you_from
can you tell me your place of origin,77,where_are_you_from
where did they make you,77,where_are_you_from
where is your home located,77,where_are_you_from
where is your original location,77,where_are_you_from
what city were you born in,77,where_are_you_from
in which area were you made,77,where_are_you_from
what location did you live at before,77,where_are_you_from
where's your birthplace,77,where_are_you_from
what's your country of origin,77,where_are_you_from
"up until now, what place was your home base",77,where_are_you_from
tell me where you come from,77,where_are_you_from
in what state were you born,77,where_are_you_from
what's your hometown,77,where_are_you_from
where did your mom have you,77,where_are_you_from
where did your parents have you,77,where_are_you_from
were you born here,77,where_are_you_from
where were you before moving here,77,where_are_you_from
where are your origins found,77,where_are_you_from
what's your nationality,77,where_are_you_from
where did you live before here,77,where_are_you_from
from whence do you hail,77,where_are_you_from
are you from the uk,77,where_are_you_from
where would you say you were born,77,where_are_you_from
where is your birth place,77,where_are_you_from
"i purchased new tires yesterday, should i buy new ones",47,tire_change
when is it imperative that i get my tires changed,47,tire_change
help me and let me know when i should replace my tires next if i last replaced them on june 2,47,tire_change
when should i get my tires changed again,47,tire_change
would you tell me when i should replace my tires next if i last replaced them on june 2,47,tire_change
when will i need to replace my tires if i last replaced them on december 20,47,tire_change
how long before i need to replace my tires after i replaced them on 2/24/18,47,tire_change
i replaced my tires last year when should i replace my tires again,47,tire_change
when will i need to change my tires again,47,tire_change
how long can i go before i need to change my tires,47,tire_change
should i change my tires,47,tire_change
when is the right time to change my tires,47,tire_change
is there a time when i should get my tires changed,47,tire_change
"tell me when i need to replace my tires, if i replaced them on october 1, 2017",47,tire_change
i need to know when should i get my tires changed next,47,tire_change
when will my tires need to be replaced,47,tire_change
how many times a year should i change my tires,47,tire_change
is there a specific date when i should get my tires changed,47,tire_change
when should i go in and have my tires changed,47,tire_change
let me know when should i get my tires changed next,47,tire_change
tell when should i get my tires changed next,47,tire_change
how many miles until i change my tires,47,tire_change
when are my tires next due for a change,47,tire_change
how long until i need to change my tires,47,tire_change
"if i bought new tires on may 27th, should i still need new ones",47,tire_change
when are my tires due to be changed,47,tire_change
how long until i should have my tires replaced,47,tire_change
how many miles do i drive before i have to get new tires i replaced them four years ago,47,tire_change
"i replaced my tires yesterday, when should i get new ones",47,tire_change
is there a way to tell if i need new tires,47,tire_change
when is it recommended that i change my tires next,47,tire_change
how many miles before i need my tires changed,47,tire_change
when am i due for a tire change,47,tire_change
what date should i get my tires changed,47,tire_change
how long until i have to replace my tires,47,tire_change
are my tires due to be changed,47,tire_change
do i need to change any of my tires,47,tire_change
when do my tires need changing,47,tire_change
when should i have my tires replaced if i replaced them on the first of march,47,tire_change
are my tires due to be changed soon,47,tire_change
tell me the status of my tires and when i need to replace them,47,tire_change
how much longer until i have to change my tires,47,tire_change
tell me when should i get my tires changed next,47,tire_change
do i need new tires if i just got them replaced on january 2017,47,tire_change
how often do you change your tires,47,tire_change
can you tell me when my tires should get changed,47,tire_change
would you say i need new tires if i last bought them on the 24th,47,tire_change
when do my tires need some changing,47,tire_change
when do i take my car in for a tire change,47,tire_change
"if i replaced my tires on christmas eve, when will i need to replace them again",47,tire_change
when's the next time i have to pay the insurance,56,bill_due
how much time left to pay my bill,56,bill_due
i need to know the due date for my credit card,56,bill_due
what time do i have to pay z bill,56,bill_due
what's the due date for my american express payment,56,bill_due
do i pay my rent this week,56,bill_due
how do i ascertain when my next insurance payment will be,56,bill_due
when's the ac bill due,56,bill_due
when is my xfinity bill due,56,bill_due
on what day do i pay my car payment,56,bill_due
what's the due date for the credit card,56,bill_due
when do i need to pay the water bil,56,bill_due
please find the exact payment due date for my sprint phone bill,56,bill_due
when do i have to pay my gas bill by,56,bill_due
i need to know when i must pay my car bill,56,bill_due
when is visa due,56,bill_due
how do i find when my water bill needs to be paid,56,bill_due
how do i know when to pay my gas bill,56,bill_due
what is the exact due date for my mortgage payment,56,bill_due
what day is my car insurance due,56,bill_due
i need the new due date for my pgw gas bill,56,bill_due
when's the next phone bill,56,bill_due
how do i find when my electric bill is due,56,bill_due
can you tell me when my peco energy bill is due this month,56,bill_due
how do i find when my medical bill is due,56,bill_due
tell me when i have to pay my bill,56,bill_due
do i need to pay my credit card bill already,56,bill_due
what is the due date for my metronorth monthy pass,56,bill_due
when is my water bill due,56,bill_due
what is the latest date that i can pay my direct tv bill this month,56,bill_due
where should i look for when my gas bill is due,56,bill_due
i want to know when a bill is due,56,bill_due
when should i pay my bill by,56,bill_due
what day is the z bill due,56,bill_due
tell me when my bill will be due,56,bill_due
on what day do i have to pay my nordstrom bill,56,bill_due
when do i have to pay my electric bill by,56,bill_due
when do i need to pay my annual payment for auto insurance,56,bill_due
give me the date my bill is due,56,bill_due
can you tell me the date my credit card is due,56,bill_due
is my at&t bill do soon,56,bill_due
what day is the bill due,56,bill_due
i would like to know when the bill is due,56,bill_due
do you know when my next electric bill is due,56,bill_due
whats the due date for z bill,56,bill_due
how do i locate when my gas bill is do,56,bill_due
when is too late to pay my cable bill,56,bill_due
when does the car payment come due,56,bill_due
what is the due date on my xfinity internet bill for february,56,bill_due
i would like to know my electric bills date it needs to be payed,56,bill_due
"how are you doing today, ai",82,greeting
"why, hello bandit",82,greeting
just wanted to say hi,82,greeting
hey what's up,82,greeting
hey how's it hanging,82,greeting
how are things with you,82,greeting
are you doing okay,82,greeting
how are you today,82,greeting
have you been good,82,greeting
"howdy, what's new",82,greeting
how is your day,82,greeting
"hey, ai",82,greeting
"hello, friend",82,greeting
ai how are you doing today,82,greeting
can you tell me how you're doing today,82,greeting
how are things going,82,greeting
greetings to you,82,greeting
how's it going with you,82,greeting
hi there alexa,82,greeting
are you doing ok,82,greeting
how're you doing,82,greeting
"ai, how are you feeling",82,greeting
hi how is everything,82,greeting
how have you been,82,greeting
"yo, hows it going",82,greeting
hey there fellow,82,greeting
"hello, anyone there",82,greeting
what's going on,82,greeting
hola,82,greeting
"wake up, ai",82,greeting
what's up,82,greeting
is everything ok with you,82,greeting
hi! are you doing okay,82,greeting
how've you been feeling,82,greeting
how is it going,82,greeting
whats up with you,82,greeting
is everything going okay,82,greeting
aloha,82,greeting
"hello, ai",82,greeting
ahoy hoy,82,greeting
how are things for you,82,greeting
whats up,82,greeting
how is life treating you,82,greeting
how is my ai doing,82,greeting
hi ai,82,greeting
how is everything going,82,greeting
good evening,82,greeting
"hello, how are you",82,greeting
hello siri,82,greeting
bonjour,82,greeting
what do i owe the government on my taxes,94,taxes
how much am i going to have to pay in federal taxes this year,94,taxes
how much did my state taxes change,94,taxes
can you tell me my income tax,94,taxes
what do i pay in taxes,94,taxes
how much will i pay in federal taxes,94,taxes
what amount do i have to pay in taxes,94,taxes
can you calculate my state taxes,94,taxes
"what amount of money do i pay in taxes, please",94,taxes
"using my salary as a basis, what taxes will i owe",94,taxes
tell me what my state taxes are,94,taxes
what does it look like my state taxes will add up to,94,taxes
what's my bill going to be for my taxes for tennessee,94,taxes
what do i pay currently in income taxes,94,taxes
what amount do my state taxes look like,94,taxes
give me the specifics on my federal taxes,94,taxes
i would like to know how much i pay in taxes,94,taxes
how much will i have to pay in state taxes,94,taxes
how much do i pay in taxes,94,taxes
how much money is the state going to take from me for taxes,94,taxes
how are my federal taxes looking this year,94,taxes
what will my state taxes amount to this year,94,taxes
how much do i owe for state taxes,94,taxes
what can i expect to pay in taxes,94,taxes
i need to know how much i should pay in tax,94,taxes
are my state tax payments too high,94,taxes
how much tax do i pay,94,taxes
how much does it seem my state taxes will be,94,taxes
what is the tax amount,94,taxes
how much state taxes do i owe,94,taxes
what is the total amount of tax deductions from my income,94,taxes
how much do i pay in tax,94,taxes
how much is the irs going to get from me,94,taxes
let me know my tax rate,94,taxes
please tell me what i pay in taxes,94,taxes
i need to know how much tax i pay from my earnings,94,taxes
what will i need to pay in federal taxes,94,taxes
what are my state taxes looking like,94,taxes
about how much will my federal taxes be,94,taxes
what do i currently pay in taxes,94,taxes
what amount will my state taxes be,94,taxes
how much tax do i owe,94,taxes
how much am i paying from my income in taxes,94,taxes
how much are taxes on this,94,taxes
help me calculate my federal tax bill,94,taxes
will i pay over $500 in federal taxes,94,taxes
tell me how much in tax on this,94,taxes
i have to pay how much back in taxes,94,taxes
what is the total amount i pay in taxes,94,taxes
what's the damage on my federal tax return,94,taxes
what if i lost my luggage,113,lost_luggage
my luggage has not arrived and i would like assistance locating it,113,lost_luggage
i arrived on delta flight ab123 from juno but my luggage doesn't appear to have come with me,113,lost_luggage
what's the procedure to deal with lost luggage,113,lost_luggage
i lost my luggage coming from chicago on delta flight ab123,113,lost_luggage
can you check where my luggage is off jetblue flight ab123 out of buffalo,113,lost_luggage
my bags didn't make it to the new orleans airport,113,lost_luggage
"i need my luggage found, i was on delta flight ab123 out of san francisco",113,lost_luggage
my luggage was on delta flight abc123 out of houston and now i can’t find it,113,lost_luggage
can you help me find my luggage it was lost on delta flight abc123 from houston,113,lost_luggage
i'm in baggage claim at the airport and my luggage didn't make it,113,lost_luggage
what is the next step if my luggage was lost,113,lost_luggage
is there someone i can talk to since i am in the airport waiting for my luggage which never came,113,lost_luggage
who do i complain to about my luggage not arriving at the airport,113,lost_luggage
can you tell me what to do as i am in the airport and have been for some time and there is still no sign of my suitcase,113,lost_luggage
i miss placed my luggage i was on delta flight ab123 out of new york,113,lost_luggage
i just flew in on american airlines flight ab123 from chicago and can't find my luggage,113,lost_luggage
can you please help me find my lost luggage,113,lost_luggage
i think my luggage was misplaced or has been lost,113,lost_luggage
who can i turn to if i lost my luggage,113,lost_luggage
im at lax and my bags aren't,113,lost_luggage
i lost my luggage coming from new york city on american flight ab123,113,lost_luggage
i can't find any of my luggage!,113,lost_luggage
i believe that my luggage was lost,113,lost_luggage
"my luggage is missing, i think",113,lost_luggage
i need to find my luggage,113,lost_luggage
my luggage is missing i was on spirit flight ab123 from chicago,113,lost_luggage
it appears that my luggage has vanished,113,lost_luggage
i can't find my luggage anywhere and there's no more on the conveyor,113,lost_luggage
how do i find lost luggage,113,lost_luggage
i think my luggage got lost,113,lost_luggage
find me the number for jet blue's customer service so i can yell at someone about my missing luggage,113,lost_luggage
i'm not able to find my luggage and i was on southwest airlines flight ab123 out of houston,113,lost_luggage
it seems my luggage was lost,113,lost_luggage
locate lost luggage from flight america airlines in o'hare,113,lost_luggage
what step do i take if my bag got lost on the flight,113,lost_luggage
who do i go to to find lost luggage,113,lost_luggage
my luggage is lost and i would like help trying to locate it,113,lost_luggage
can you help me locate lost luggage,113,lost_luggage
i'm having trouble finding my luggage i was on delta flight ab123 out of new york,113,lost_luggage
how do i handle the situation if i lost my luggage,113,lost_luggage
where do i begin the process of reporting my luggage lost,113,lost_luggage
i got to vegas airport but my bags didn't,113,lost_luggage
"my luggage did not arrive, please investigate",113,lost_luggage
who do i report lost luggage to,113,lost_luggage
"i can't locate my luggage, i was on jetblue flight ab123 out of detroit",113,lost_luggage
do you know whom i should contact since my luggage did not arrive,113,lost_luggage
"where are my bags, not here at the airport",113,lost_luggage
what to do if luggage lost,113,lost_luggage
"if i lost my luggage, where can i get help",113,lost_luggage
switch to female voice,51,change_accent
i want to change what accent you use,51,change_accent
change to female voice,51,change_accent
try using a different accent,51,change_accent
go ahead and switch to the male voice,51,change_accent
change to a male voice,51,change_accent
switch to a different accent,51,change_accent
i want to use the female voice now,51,change_accent
"if you can do accents, i want to hear you talk like david bowie",51,change_accent
can you speak like a british dude,51,change_accent
please talk to me in the male british accent,51,change_accent
please change to the female voice,51,change_accent
please set to female voice,51,change_accent
i would prefer to hear the female voice,51,change_accent
please change your accent to a british male,51,change_accent
i prefer female voice now,51,change_accent
can you use a different accent,51,change_accent
set to female voice,51,change_accent
use your male voice,51,change_accent
please use a male voice when speaking,51,change_accent
use a new accent,51,change_accent
can you use male voice,51,change_accent
use male voice,51,change_accent
use a male voice instead,51,change_accent
can i hear the male voice please,51,change_accent
switch over from female to the male voice,51,change_accent
please change your accent to the male british one,51,change_accent
please start using female voice,51,change_accent
switch over to the male voice mode,51,change_accent
i must to the female voice,51,change_accent
use a male voice now,51,change_accent
use female voice now instead,51,change_accent
i want you to change your accent to the male british one,51,change_accent
could you talk like a british male,51,change_accent
go ahead and change your accent to the male british one,51,change_accent
switch to british male accent,51,change_accent
please use male voice,51,change_accent
go ahead and switch to the female voice,51,change_accent
can you swap to male voice,51,change_accent
i want your accent changed to the male british one,51,change_accent
i need for you to change your accent to the male british one,51,change_accent
please use your female voice,51,change_accent
switch from the male to the female voice,51,change_accent
switch to male british accent,51,change_accent
speak in a different accent,51,change_accent
i want to hear the female voice option,51,change_accent
speak as a british male,51,change_accent
change the accent you're speaking in,51,change_accent
do a british male accent only,51,change_accent
i wanna switch to the male voice,51,change_accent
go ahead and say all of the points on my list of to-do's please,48,todo_list
let's go through my to do list items please,48,todo_list
can you please tell me what is on my to-do list,48,todo_list
can i hear the complete to do list just dictated,48,todo_list
i need to know if sorting the mail is on my to do list,48,todo_list
i need my todo list read,48,todo_list
what is on my to do list,48,todo_list
what are the things that i have for today,48,todo_list
is cleaning the kitchen coming up on my list of things i have to do today,48,todo_list
i need to hear my todo list,48,todo_list
do i already have a task on my todo list to research delaware,48,todo_list
what items do i need to do,48,todo_list
please tell me all items on my todo list,48,todo_list
do i have an item on my todo list related to shopping,48,todo_list
what do i have on my need to do list,48,todo_list
please inform me of what tasks i have listed on my to do list,48,todo_list
does my errand list have goodwill on it,48,todo_list
did i create a task to clean the gutters on my list,48,todo_list
can you tell me the tasks on my to-do list,48,todo_list
i need to know what my to-do list is looking like,48,todo_list
i need to know everything on my to do list currently,48,todo_list
tell me the content of my to do list today,48,todo_list
read back my to do list,48,todo_list
do i have get an oil change on my todo list,48,todo_list
can you look to see whether feeding the fish is on my to do list,48,todo_list
did i remember to add buy flowers to my chore list today,48,todo_list
i need to know what tasks are on my to-do list,48,todo_list
how many chores are on my todo list,48,todo_list
can you tell me my to do list,48,todo_list
what do i have left to do on my to-do list,48,todo_list
do i have brush my teeth on my todo list,48,todo_list
read my complete todo list to me,48,todo_list
tell me what is on the list of things to do,48,todo_list
i wonder what my to-do list looks like for today,48,todo_list
read my to-do list to me,48,todo_list
is studying for the chem exam on my todo list,48,todo_list
read to me my to do list,48,todo_list
"tell me what things i need to accomplish per my to do list, please",48,todo_list
is fixing mom's kitchen blind on my to do list,48,todo_list
"let me hear all of the items on my to do list, please",48,todo_list
check my to do list to see if jewelry repair is listed,48,todo_list
"can you tell me all of the things on my to do list for tomorrow, please",48,todo_list
"repeat my to do list to me, please",48,todo_list
check my domestic to do list for carpet cleaning,48,todo_list
can you tell me the items on my to do list,48,todo_list
please tell me all the items on my to do list right now,48,todo_list
have i set aside a time on my to do list to do my taxes,48,todo_list
do i have a car wash scheduled on my to do list,48,todo_list
i need to know if cleaning out the fridge is on my to do list,48,todo_list
did i put unpacking groceries on my to do list,48,todo_list
last time car was in shop,37,last_maintenance
what date did i last take my car in,37,last_maintenance
when did i take to car to the auto shop,37,last_maintenance
tell me the last time i had my car checked out at sam's repair shop,37,last_maintenance
you need to tell me when was car in shop,37,last_maintenance
do you know when my car was last looked at,37,last_maintenance
check my calendar for the date that my care was last serviced,37,last_maintenance
when was the last time i got my oil changed,37,last_maintenance
i need to know when was the last time i had my car checked out for a tune up,37,last_maintenance
how long's it been since i had my car serviced,37,last_maintenance
how long ago was my car last in the shop,37,last_maintenance
when was my most recent oil change,37,last_maintenance
i need you to look up the date of my car's last visit to the shop,37,last_maintenance
when did i most recently have my car in the shop,37,last_maintenance
when was the last time my car was in the shop,37,last_maintenance
when did last go to the auto repair shop,37,last_maintenance
i need to know when i last took my car in for a check up,37,last_maintenance
dates for my car in the shop,37,last_maintenance
do you remember when i last changed my oil,37,last_maintenance
do you know how long its been since i had my oil changed and a tune up,37,last_maintenance
"i can't remember when my car last went to the shop, can you find out for me",37,last_maintenance
check to see when my car was last in the shop,37,last_maintenance
what was the last time i had my car at the dealer for repairs,37,last_maintenance
when was the last time i changed my oil,37,last_maintenance
tell me when was car in shop,37,last_maintenance
tell me when someone looked at my car last,37,last_maintenance
when did my car get serviced last,37,last_maintenance
how long has it been since my last auto maintenance,37,last_maintenance
please find the date of my last oil change,37,last_maintenance
so when was car in shop,37,last_maintenance
how long ago did my car get looked at,37,last_maintenance
let me know when my car was last looked at,37,last_maintenance
when did i last have my vehicle checked on,37,last_maintenance
when did i take my car to paul's auto last,37,last_maintenance
what was the date of my last auto appointment,37,last_maintenance
what day did i change my oil,37,last_maintenance
find the date of the last oil swap for my car,37,last_maintenance
my car was looked at when,37,last_maintenance
when did i take my car to the mechanic,37,last_maintenance
when was my last car service date,37,last_maintenance
when did i last have my vehicle serviced,37,last_maintenance
when did i last take my car in for maintenance,37,last_maintenance
look up the date of my last oil change,37,last_maintenance
do you know when i last took my car in to the shop,37,last_maintenance
when did i last service my car with an oil change,37,last_maintenance
can you remind me of when i last had an oil change,37,last_maintenance
how long has it been since my car was last in the shop,37,last_maintenance
was my last oil change on wednesday,37,last_maintenance
please tell me the last time i took my car to the shop,37,last_maintenance
do you have a date for the last time the car was in the shop,37,last_maintenance
can you call mom,25,make_call
i must call dr smith,25,make_call
bella needs to be called,25,make_call
it's necessary to call michael,25,make_call
can you call russell,25,make_call
call sandra right now,25,make_call
call work,25,make_call
phone christie,25,make_call
call friend,25,make_call
i am going to call the landlord,25,make_call
place a call to bill now,25,make_call
call someone,25,make_call
dial someone's phone number,25,make_call
give liz a call,25,make_call
call mark,25,make_call
connect me to bob,25,make_call
call mymother,25,make_call
initiate a phone call with receptionist,25,make_call
call erryn,25,make_call
it's time for me to call drew,25,make_call
x is waiting for me to call,25,make_call
use my phone to dial work,25,make_call
call my mother,25,make_call
call robby for me,25,make_call
call robby,25,make_call
i want to talk to sarah,25,make_call
dial x's phone please,25,make_call
put me on a call to sally,25,make_call
dial steven,25,make_call
can you make a phone call to roger,25,make_call
call jim,25,make_call
can you call my mom,25,make_call
i want you to call bella,25,make_call
please phone lizzy,25,make_call
dial lisa's cell phone number,25,make_call
i must call roderick,25,make_call
phone sarah,25,make_call
please make a phone call to christopher,25,make_call
phone lobby,25,make_call
call someone for me,25,make_call
can you call a taxi,25,make_call
can i call a restaurant,25,make_call
call home,25,make_call
would you give jenny a call,25,make_call
i have to call jane,25,make_call
please dial david now,25,make_call
i want to make a call to uncle,25,make_call
please dial christie's number,25,make_call
phone call secretary,25,make_call
i will be calling hr,25,make_call
what type of gas does my car use,8,gas_type
what do i need to gas up this car,8,gas_type
tell me what type of gas this car uses,8,gas_type
does this take regular unleaded,8,gas_type
will this car run on the cheaper gas,8,gas_type
what type of fuel is used for this vehicle,8,gas_type
can i put normal unleaded in this car,8,gas_type
what kind of gas does this car take,8,gas_type
tell me what kind of gas this car uses,8,gas_type
what type of gas does this car need,8,gas_type
i would like to know the kind of gas that this car uses,8,gas_type
what kind of gas should go in this car,8,gas_type
i want to know the type of gasoline for this car,8,gas_type
can i use any fuel in my car,8,gas_type
is there a certain type of gas i need to use,8,gas_type
which type of gas do i need to put in my car,8,gas_type
what kind of fuel does my vehicle run on,8,gas_type
i wish to know the gas i need to fill this car up with,8,gas_type
what gas do i need to fill the car up with,8,gas_type
what gas does the car need,8,gas_type
tell me the fuel type used by my car,8,gas_type
what sort of fuel do i need for my car,8,gas_type
please inform me the gas i need to fill this car up with,8,gas_type
my car uses what type of fuel,8,gas_type
what type of fuel does my car use,8,gas_type
what kind of fuel do i need,8,gas_type
what kind of fuel goes in my engine,8,gas_type
tell me the gas i need to fill this car up with,8,gas_type
tell me the kind of fuel that my vehicle operates on,8,gas_type
tell me the gasoline type for this car,8,gas_type
what type of fuel should i use in my car,8,gas_type
tell me the fuel my car takes,8,gas_type
tell me what type of fuel i need to use for this car,8,gas_type
what type of gas do i need to use in this car,8,gas_type
what gas does the car use,8,gas_type
what kind of gas should i put in this car,8,gas_type
does this care use premium gas,8,gas_type
tell me what type of fuel my car uses,8,gas_type
what type of gas does this car take,8,gas_type
what percentage gas do i need,8,gas_type
what kind of gas is needed for this car,8,gas_type
i need to know what kind of gas to put in this car,8,gas_type
look up the type of gas needed for this vehicle,8,gas_type
what kind of gas should i put into this car,8,gas_type
what type of gas do i need for this car,8,gas_type
what kind of gas does this car use,8,gas_type
i wanna know the gas i need to fill this car up with,8,gas_type
what kind of gas does my car use,8,gas_type
is there a certain type of gas i need to use for this car,8,gas_type
what sort of gas should i get for my car,8,gas_type
i won't require my reservation anymore,67,cancel_reservation
the reservation i have isn't needed any more,67,cancel_reservation
please cancel my reservation for dinner,67,cancel_reservation
im not going to dinner tonight,67,cancel_reservation
"hello, i need to cancel tonight's reservation for dinner",67,cancel_reservation
is it possible to cancel the reservation at outback for the johnsons,67,cancel_reservation
can you cancel my reservation on tuesday for chris at stella maris,67,cancel_reservation
i no longer need a table for four at chili's,67,cancel_reservation
i want to cancel my reservation for 5 at red robin,67,cancel_reservation
cancel my reservation for 4 at red robin,67,cancel_reservation
i no longer need my reservation with carl at umami,67,cancel_reservation
"cancel the dinner reservation i made, okay",67,cancel_reservation
i need to cancel my dinner reservation,67,cancel_reservation
cancel my reservations for joe's at zepher right now,67,cancel_reservation
the reservation i made is not required anymore,67,cancel_reservation
can you cancel my dinner reservation,67,cancel_reservation
get rid of my dinner reservation,67,cancel_reservation
can you cancel the reservation for kyle's party at red lobster,67,cancel_reservation
can you undo the reservation,67,cancel_reservation
please cancel the table i had reserved for tonight,67,cancel_reservation
can you cancelt the reservation i have for dinner,67,cancel_reservation
cancel tonight's dinner reservation,67,cancel_reservation
tell the restaurant i cannot make it,67,cancel_reservation
please cancel my reservation for chris at brio,67,cancel_reservation
go ahead and cancel the reservation i made for 6:00 pm at parc,67,cancel_reservation
please cancel my 7:30 reservation for morton's,67,cancel_reservation
the reservation i created is not necessary anymore,67,cancel_reservation
please delete the reservation for 3 people at outback,67,cancel_reservation
joe and i are to cancel the reservation at zephers now,67,cancel_reservation
i no longer need the reservation for 20 at ihop,67,cancel_reservation
get rid of my 4 pm reservation at the steakhouse please,67,cancel_reservation
please unreserve that table,67,cancel_reservation
could you please cancel my reservation for 5 at red robin,67,cancel_reservation
tell the restaurant to cancel my reservation,67,cancel_reservation
cancel my reservation for chris at jp field's,67,cancel_reservation
cancel the reservation at olive garden for tommy,67,cancel_reservation
get rid of my reservation at chez francois for jennifer,67,cancel_reservation
i want to cancel the reservation for mercury at the ritz,67,cancel_reservation
i have a reservation at pizza hut under the name leia roberts and i want to cancel it,67,cancel_reservation
you can cancel my reservation,67,cancel_reservation
cancel my reservation for 6 pm at sidetracks,67,cancel_reservation
scrap that dinner reservation,67,cancel_reservation
cancel my reservation for 3 at carlos jr,67,cancel_reservation
the reservation i placed is not needed anymore,67,cancel_reservation
please cancel my reservation,67,cancel_reservation
can you cancel my reservation tonight for chris at smith and wollensky,67,cancel_reservation
please cancel the table for two at burger king,67,cancel_reservation
can you cancel my reservation for dinner tomorrow,67,cancel_reservation
please cancel the reservation at zephers for joe and myself right now,67,cancel_reservation
could i cancel my reservations,67,cancel_reservation
can you schedule a meeting at 10 am tomorrow with john smith,18,schedule_meeting
i want to find out how do i schedule a meeting,18,schedule_meeting
can you schedule a meeting with james at the office,18,schedule_meeting
can you schedule a meeting with steve for 5,18,schedule_meeting
i need a meeting scheduled with bob for 7:00am on 9/11,18,schedule_meeting
is there a meeting room available between one and two,18,schedule_meeting
how can you schedule a meeting for me,18,schedule_meeting
i'd like to pencil in a meeting with seth at 11am,18,schedule_meeting
tell me how to schedule a meeting,18,schedule_meeting
i want you to schedule a meeting with carrie and lisa,18,schedule_meeting
what is your availability for conference rooms between one and two today,18,schedule_meeting
i want to schedule a meeting with tom for 6pm,18,schedule_meeting
can you sign me up for a meeting in the blue room on friday,18,schedule_meeting
do you know how do i schedule a meeting,18,schedule_meeting
see if you can schedule a meeting with don southerland tomorrow at noon,18,schedule_meeting
"can you schedule a meeting with steve at the office, please",18,schedule_meeting
are there meeting rooms available between 10-11,18,schedule_meeting
check if meeting rooms are free from 6 to 7,18,schedule_meeting
i have to meet with sam at 9:00am in two days,18,schedule_meeting
show me how do i schedule a meeting,18,schedule_meeting
is there an open meeting room between 2 and 4,18,schedule_meeting
are there any meetings room available between 8:00 and 9:00 am,18,schedule_meeting
i'm having trouble scheduling a meeting,18,schedule_meeting
i need you to schedule a meeting with bob brown at noon the day after tomorrow,18,schedule_meeting
please help me schedule a meeting with john love at 9 am tomorrow,18,schedule_meeting
how does scheduling a meeting work,18,schedule_meeting
can you schedule a meeting with damon for 1,18,schedule_meeting
can you schedule a meeting with john for 12,18,schedule_meeting
"i need meeting rooms between 9:00 am and 11:00 am, are there any available",18,schedule_meeting
i want to know if there are meeting rooms available between 9:00 am and 11:00 am,18,schedule_meeting
i'm going to need a meeting room on 9am on tuesday,18,schedule_meeting
help me get a meeting set up,18,schedule_meeting
"can you schedule a meeting with jessica at the office, please",18,schedule_meeting
get me a meeting with bill for 5:30pm tomorrow,18,schedule_meeting
meeting room availability at 8:00 please,18,schedule_meeting
can you schedule a meeting room for interviews on thursday,18,schedule_meeting
schedule a meeting with tom for 6pm,18,schedule_meeting
schedule a meeting room for friday at 3pm,18,schedule_meeting
"can you schedule a meeting with james at the office, please",18,schedule_meeting
during afternoon is there a meeting room to use,18,schedule_meeting
are there meeting rooms available between 9-10,18,schedule_meeting
meeting room availability from 8:00 please,18,schedule_meeting
i'd like to schedule a meeting room from 1:00 pm until 2:00 pm,18,schedule_meeting
help me schedule a meeting,18,schedule_meeting
are there meeting rooms available between 11-12,18,schedule_meeting
can you schedule a meeting with matt for 3,18,schedule_meeting
add a new meeting with tom for 6pm,18,schedule_meeting
schedule a meeting with carrie and lisa,18,schedule_meeting
how can i schedule a meeting,18,schedule_meeting
please find out if rooms are free from 1 to 2,18,schedule_meeting
please find my phone,81,find_phone
where can i find my phone,81,find_phone
can you locate my phone,81,find_phone
i would like some help finding my phone,81,find_phone
"please help me find my phone, because i lost it",81,find_phone
can you call my cellphone,81,find_phone
how can i find my phone,81,find_phone
is my phone in the house,81,find_phone
what is the location of my phone,81,find_phone
do you know where i left my phone,81,find_phone
help me find my phone,81,find_phone
please help me find my phone,81,find_phone
i need you to find my phone,81,find_phone
find my cellphone,81,find_phone
do you know where my phone is located now,81,find_phone
i lost my phone and need help retrieving it,81,find_phone
locate my phone for me,81,find_phone
help find my phone,81,find_phone
"my phone is lost, can you help with that",81,find_phone
i don't remember where my phone is,81,find_phone
have you seen my cellphone,81,find_phone
where did i put my phone,81,find_phone
can you track the location of my phone,81,find_phone
please aid in my searching for my lost phone,81,find_phone
my phone is lost - can you help me find it,81,find_phone
"call my phone, i can't find it",81,find_phone
my phone cannot be found,81,find_phone
who has seen my cellphone,81,find_phone
give me a hand finding my mobile device,81,find_phone
tell me where my phone is,81,find_phone
help me search for my phone,81,find_phone
i am looking for my phone,81,find_phone
i lost my phone and need assistance,81,find_phone
please help me find my cellphone,81,find_phone
i need to know where my phone is,81,find_phone
i need help finding my mobile phone,81,find_phone
can you help me find my lost phone,81,find_phone
where is my phone now,81,find_phone
"i need my phone, but can't find it",81,find_phone
are you able to track a phone,81,find_phone
where was the last place i had my phone,81,find_phone
i don't know where i put my phone,81,find_phone
i lost my phone,81,find_phone
i need help figuring out where my phone is,81,find_phone
i can't seem to find my phone,81,find_phone
i seemed to misplaced my phone,81,find_phone
i can't find my phone do you know where it is,81,find_phone
can you find my iphone,81,find_phone
i need to locate my phone,81,find_phone
please locate my phone,81,find_phone
"how do i get new insurance, please",64,insurance_change
i need to change my insurance to a plan with a lower deductible,64,insurance_change
i shall switch to a new insurance plan,64,insurance_change
what are my options for new insurance plans,64,insurance_change
"i need to get new insurance, how do i do it",64,insurance_change
how can i find out about new insurance,64,insurance_change
what rental insurance policy do you recommend,64,insurance_change
help me find a new auto insurance policy,64,insurance_change
i want to find a new united healthcare plan to get on,64,insurance_change
how do i change my insurance policy,64,insurance_change
i want help adjusting my insurance policy,64,insurance_change
help me find new insurance providers,64,insurance_change
my insurance plan needs to be changed,64,insurance_change
how do i apply for new insurance,64,insurance_change
can you help me get on a new united healthcare insurance plan,64,insurance_change
i need a new house insurance plan,64,insurance_change
i want to get a new car insurance plan,64,insurance_change
what steps do i need to take to switch my insurance plan from an hmo to a high deductible ppo plan,64,insurance_change
i gotta switch to a new insurance plan,64,insurance_change
how do i make my insurance policy different,64,insurance_change
how do i change my current insurance to a new plan with lower co-pay,64,insurance_change
i'd like a new life insurance plan,64,insurance_change
i am hoping to switch insurance plans,64,insurance_change
i need new health insurance,64,insurance_change
"how can i get new insurance, please",64,insurance_change
i would like to alter my insurance plan,64,insurance_change
what do i do for new insurance,64,insurance_change
help me modify my insurance policy,64,insurance_change
walk me through making changes to my insurance policy,64,insurance_change
website to start aaa new insurance plan,64,insurance_change
i need to get on a new united healthcare insurance plan,64,insurance_change
i need new health care coverage,64,insurance_change
how to create a new aaa insurance plan,64,insurance_change
i need to know how to change my insurance,64,insurance_change
i am in need of a switch to my insurance plan,64,insurance_change
i'd like to get on a new united healthcare plan,64,insurance_change
i would like you to help me get on another united healthcare insurance plan,64,insurance_change
how is new insurance gotten,64,insurance_change
aaa insurance start new plan,64,insurance_change
switch my insurance plan to a new one,64,insurance_change
i need a newer insurance plan,64,insurance_change
i am interested in acquiring new insurance,64,insurance_change
help make changes to my insurance policy,64,insurance_change
"i need new insurance, how do i get it",64,insurance_change
i need new insurance but dont know how to get it,64,insurance_change
my insurance policy needs to be adjusted,64,insurance_change
where do i go to get new insurance,64,insurance_change
how do i alter my insurance policy,64,insurance_change
what is the protocol for modifying my insurance policy,64,insurance_change
i need help acquiring new insurance,64,insurance_change
what are ways to improve my credit,28,improve_credit_score
how can i ensure my credit score doesn't drop,28,improve_credit_score
give me a recommendation to improve my credit score,28,improve_credit_score
what can i do to raise my credit score,28,improve_credit_score
how do i keep my credit score from dropping,28,improve_credit_score
is it true a hard pull hurts my credit score,28,improve_credit_score
are there ways for me to make my credit score better,28,improve_credit_score
i'm not sure if this will hurt my credit score,28,improve_credit_score
what are the best ways to build my credit score,28,improve_credit_score
is it true that opening a new account can decrease your credit score,28,improve_credit_score
can i harm my credit if i miss a car payment,28,improve_credit_score
tell me if the following thing can hurt my credit score,28,improve_credit_score
how do i maintain my credit score,28,improve_credit_score
what factors can ruin a credit score,28,improve_credit_score
will checking your credit lower my score,28,improve_credit_score
i'd like to make my credit score better,28,improve_credit_score
do you know if bouncing one check on your checking account can hurt your credit score or not,28,improve_credit_score
what steps can i take to make sure my credit score doesn't go down,28,improve_credit_score
what lowers credit score,28,improve_credit_score
give me tips on maintaining good credit,28,improve_credit_score
i'd like to find ways to improve my credit score,28,improve_credit_score
what are some of the ways that i can see an improvement in my credit score,28,improve_credit_score
how to improve a credit score,28,improve_credit_score
how do i prevent my credit score from lowering,28,improve_credit_score
what lowers you credit score,28,improve_credit_score
what are some way s i can do to improe my credit score,28,improve_credit_score
how do i make my credit score better,28,improve_credit_score
how can i protect my credit rating,28,improve_credit_score
show me some ways to build my credit score,28,improve_credit_score
what can i do to keep my credit in good standing,28,improve_credit_score
help me build my credit score by showing me some ways on how to,28,improve_credit_score
"i heard that opening a new account will decrease my credit score, is it true",28,improve_credit_score
how can i make my credit score better,28,improve_credit_score
what are some ways to keep my credit score up,28,improve_credit_score
would being late hurt my credit,28,improve_credit_score
how do i keep good credit,28,improve_credit_score
how to keep credit score high,28,improve_credit_score
tell me if opening a new account will decrease my credit score,28,improve_credit_score
is there a quick way to improve my credit score,28,improve_credit_score
please confirm that opening a new account can decrease your credit score,28,improve_credit_score
how to improve my credit score,28,improve_credit_score
what can i do to maintain good credit,28,improve_credit_score
tell me how to improve my credit score,28,improve_credit_score
what can i do to improve my credit score,28,improve_credit_score
tell me ways to improve my credit score,28,improve_credit_score
how can i stop my credit score from dropping,28,improve_credit_score
how can i go about improving my credit score,28,improve_credit_score
will doing this hurt my credit score,28,improve_credit_score
are there any new harmful things that could affect my credit score,28,improve_credit_score
can i protect my credit score,28,improve_credit_score
what kind of entertainment is available in chicago,149,travel_suggestion
what are the main attractions in gatlinburg,149,travel_suggestion
what are some fun things i can partake in in atlanta,149,travel_suggestion
help me find things to do in nashville,149,travel_suggestion
please suggest some fun tourist activities in tokyo,149,travel_suggestion
"are there any interesting things to do in atlanta, georgia",149,travel_suggestion
"when visiting chicago, what things can i do there",149,travel_suggestion
where should i travel if i want to visit some history museums,149,travel_suggestion
where is the best winery in the south of france,149,travel_suggestion
where should i book my next trip,149,travel_suggestion
what's a good use of my time in toronto,149,travel_suggestion
name some things i should do while in evans,149,travel_suggestion
what do tourists do in tokyo,149,travel_suggestion
what's there to do in seattle,149,travel_suggestion
what's the funnest thing for a tourist to do in iceland,149,travel_suggestion
what do people in sioux falls do for fun,149,travel_suggestion
show me some things to do in gatlinburg,149,travel_suggestion
name some tourist things to do in chicago,149,travel_suggestion
what kinds of fun touristy things are there to do in boston,149,travel_suggestion
what are some hot travel destinations,149,travel_suggestion
what are some fun things to do in sweden,149,travel_suggestion
where should i travel if i want to go to a nice beach,149,travel_suggestion
where's a good place to go if i want to see mountains,149,travel_suggestion
"what do you suggest for entertainment in tampa, florida",149,travel_suggestion
what are some touristy things to do in boston,149,travel_suggestion
what's a good place to travel to,149,travel_suggestion
are there any fun tourist activities in australia,149,travel_suggestion
what things can i do in portland,149,travel_suggestion
can you give me some suggestions to go site seeing when i get there,149,travel_suggestion
name the five star attractions in gatlinburg,149,travel_suggestion
is there anything fun to do in berlin,149,travel_suggestion
do you know of any activities in nashville,149,travel_suggestion
"is there anything fun to do in manassas, virginia",149,travel_suggestion
"in austin, what are some tourist things to do",149,travel_suggestion
are there any fun tourist things to do in boston,149,travel_suggestion
what do you recommend to do in vegas,149,travel_suggestion
tell me some things to see in tampa,149,travel_suggestion
where should i travel to next,149,travel_suggestion
what experiences does kentucky offer,149,travel_suggestion
what can i do in nashville,149,travel_suggestion
what things are there to do in portland,149,travel_suggestion
give me some awesome travel destinations,149,travel_suggestion
what are some things i can do in portland,149,travel_suggestion
name some tourist things to do in seattle,149,travel_suggestion
what things are there to do in kentucky,149,travel_suggestion
are there any interesting activities to do in austin,149,travel_suggestion
what sites are there to see when in evans,149,travel_suggestion
where should i spend my time off,149,travel_suggestion
could you tell me what fun tourist things i could do in tokyo,149,travel_suggestion
what's the best place to travel to this time of year,149,travel_suggestion
help me roll a dice,92,roll_dice
i'd like a 7 sided dice roll please,92,roll_dice
please roll dice,92,roll_dice
throw the dice,92,roll_dice
i want you to roll a dice,92,roll_dice
will you roll a 6 sided dice,92,roll_dice
give me a random number between 1 and 6,92,roll_dice
can you roll the 12 sided dice please,92,roll_dice
could you roll the 8 sided dice,92,roll_dice
roll the dice,92,roll_dice
please roll a 6 sided dice,92,roll_dice
the dice need to be rolled,92,roll_dice
roll a die with 6 sides please,92,roll_dice
go ahead and roll the dice,92,roll_dice
roll a die,92,roll_dice
provide a random roll of the dice,92,roll_dice
roll the 10 sided dice on time,92,roll_dice
roll this dice,92,roll_dice
can you roll the dice,92,roll_dice
i need a 10 sided die rolled,92,roll_dice
can you roll dice,92,roll_dice
i need an algorithm to give me the result of rolling one twelve sided die,92,roll_dice
roll a pair of six sided dice,92,roll_dice
i'd like you to roll dice,92,roll_dice
can you roll a 6 sided dice,92,roll_dice
i want to roll some dice,92,roll_dice
toss a die would you,92,roll_dice
can you roll a 4 sided dice,92,roll_dice
roll dice please,92,roll_dice
what number do you get when you roll one six sided die,92,roll_dice
could you roll a 6 sided dice,92,roll_dice
"ai, please roll the dice",92,roll_dice
give the dice a roll,92,roll_dice
roll a dice for me,92,roll_dice
roll a dice and give me a number from 1 to 6,92,roll_dice
i'd like you to roll a 6 sided dice,92,roll_dice
"roll die, 6 sided",92,roll_dice
6 sided dice roll,92,roll_dice
i'd like to know how much you get when you roll a ten sided dice,92,roll_dice
go ahead and roll that 9 sided dice,92,roll_dice
please do a dice roll,92,roll_dice
roll a pair of dice,92,roll_dice
roll a pair of eight sided dice,92,roll_dice
could you role a ten sided die,92,roll_dice
roll them bones!,92,roll_dice
roll dice now,92,roll_dice
go ahead and roll those dice,92,roll_dice
i want to roll a dice,92,roll_dice
what do you get if you roll a six sided dice,92,roll_dice
"ai, go ahead and roll the dice",92,roll_dice
repeat the question,13,repeat
i didn't catch that say it again,13,repeat
"i didn't hear you, can you repeat that louder",13,repeat
i didn't hear say it again please,13,repeat
"could you repeat that, please",13,repeat
"i didn't hear, please say it again",13,repeat
just another time please,13,repeat
come again with that,13,repeat
please run that by me again,13,repeat
ai could you say that again,13,repeat
one more time please,13,repeat
will you please repeat what you said,13,repeat
repeat that please,13,repeat
please say it again,13,repeat
"i did not quite hear you, can you say it again",13,repeat
would you repeat what you just said,13,repeat
"i didnt understand what you just said, can you say it again",13,repeat
can you repeat yourself,13,repeat
what was that,13,repeat
can you say what you just said again,13,repeat
can you please repeat that response,13,repeat
i didn't hear what you said,13,repeat
i would like you to repeat yourself,13,repeat
ai i didn't hear you,13,repeat
say it again please,13,repeat
what did you just mention,13,repeat
ai what was the question,13,repeat
ai please repeat,13,repeat
"i missed that last one, please repeat",13,repeat
please repeat over what you said,13,repeat
"sorry, i didn't hear you, can you say that gain",13,repeat
"i didn't get that, please repeat",13,repeat
i didn't catch that so please repeat it,13,repeat
replay what you just said,13,repeat
"i didn't understand what you just said, can you repeat it",13,repeat
say it one more time,13,repeat
"i didn't hear what you just said, can you repeat it",13,repeat
i didn't hear you can you repeat that,13,repeat
i must have you repeat that,13,repeat
please repeat yourself,13,repeat
repeat that again,13,repeat
i need you to please repeat that,13,repeat
i did not understand say it again,13,repeat
i didn't hear you,13,repeat
restate the last thing you told me,13,repeat
i did not hear you,13,repeat
"i missed what you said, please say it again",13,repeat
i want to have that repeated for me,13,repeat
i need to know again,13,repeat
"i couldn't hear you, can you repeat it",13,repeat
can you play music,106,play_music
can you play everlong by foo fighters,106,play_music
please play even flow by pearl jam,106,play_music
may i hear some music by fleet foxes,106,play_music
resume my death metal playlist,106,play_music
play that song called bring the noise,106,play_music
play the song that goes like hey jude don't make it bad,106,play_music
"i want to listen to my maroon 5 playlist, play it for me",106,play_music
play heart shaped box,106,play_music
i'd like to hear my workout playlist,106,play_music
can u play the song that sound like bells going off,106,play_music
go ahead and play the song that goes like hey jude don't make it bad,106,play_music
i want to hear pop music,106,play_music
pull up my shower playlist,106,play_music
please play the song that goes like hey jude don't make it bad,106,play_music
let's hear my workout playlist,106,play_music
can i hear my smooth jazz playlist,106,play_music
play the song called blood brothers,106,play_music
turn on the rap playlist,106,play_music
"that ""baby shark, doo doo,"" song, i want to hear it",106,play_music
play that song called colony of birchman,106,play_music
can you play your guitar right now,106,play_music
play hey jude,106,play_music
put my workout playlist on,106,play_music
can i get some music by three six mafia in here,106,play_music
can you find music by slow magic to put on,106,play_music
"put my music on, please",106,play_music
can you put on music by beach house,106,play_music
can i hear some music by cloud control,106,play_music
play my post-rock playlist,106,play_music
do you have music by elvis,106,play_music
i need for you to play my maroon 5 playlist,106,play_music
"play the song with the lyrics, ""baby shark, doo doo",106,play_music
i want to hear my shower playlist,106,play_music
"can you play me that, ""baby shark, doo doo,"" song",106,play_music
i want to hear my rock playlist,106,play_music
play me some music,106,play_music
what does x’s music sound like,106,play_music
please play come as you are by nirvana,106,play_music
start up some music,106,play_music
turn my drake playlist on,106,play_music
is it okay to listen to elvis' music,106,play_music
play some rock,106,play_music
"i want to hear the song that has, ""baby shark, doo doo",106,play_music
can you play music by the rolling stones,106,play_music
can you play right above it,106,play_music
play a song for me,106,play_music
i need to play the song that goes like hey jude don't make it bad,106,play_music
yo play that song that go like she take my money,106,play_music
i want to hear my hip hop playlist,106,play_music
am i talking to a real person,117,are_you_a_bot
am i talking to a person or a bot,117,are_you_a_bot
are you a computer,117,are_you_a_bot
how do i know that you're a person,117,are_you_a_bot
are you really a human,117,are_you_a_bot
is this a computer right now or a human being,117,are_you_a_bot
"what are you, a bot or human",117,are_you_a_bot
how real are you,117,are_you_a_bot
are an an ai,117,are_you_a_bot
are you an automated assistance,117,are_you_a_bot
are you an ai or can you prove you're human,117,are_you_a_bot
please specify if you are human or computer,117,are_you_a_bot
are your real or artificial,117,are_you_a_bot
tell me if you are a real person or an ai,117,are_you_a_bot
"are you a computer, or are you a real person",117,are_you_a_bot
what are you,117,are_you_a_bot
are you an ai or person,117,are_you_a_bot
is there anything real about you,117,are_you_a_bot
tell me if you are a human or a computer,117,are_you_a_bot
can you specify if you are a human or a computer,117,are_you_a_bot
are you a real person or an ai,117,are_you_a_bot
are you a real human being,117,are_you_a_bot
tell me if you are a person or ai,117,are_you_a_bot
so are you a real person,117,are_you_a_bot
are you a real person or a computer,117,are_you_a_bot
are you real or are you an ai,117,are_you_a_bot
am i talking to an actual person,117,are_you_a_bot
do you know if you are a robot,117,are_you_a_bot
are you a live person or a computer,117,are_you_a_bot
would you consider yourself to be a bot,117,are_you_a_bot
are you a real person or software,117,are_you_a_bot
are you ai or a real person please,117,are_you_a_bot
let me know if you are a human or a computer,117,are_you_a_bot
am i talking with a real person,117,are_you_a_bot
do you consider yourself a bot,117,are_you_a_bot
i think you are a bot,117,are_you_a_bot
i want to know if you are a real person or an ai,117,are_you_a_bot
do you know whether you are a human or whether you're a computer,117,are_you_a_bot
prove that you're a person,117,are_you_a_bot
i need to know if you are a real person or an ai,117,are_you_a_bot
are you alive,117,are_you_a_bot
"are you ai, or a person",117,are_you_a_bot
are you a bot or a real person,117,are_you_a_bot
are you a human,117,are_you_a_bot
are you a real life person,117,are_you_a_bot
are you a bot or a person,117,are_you_a_bot
are you a computer or a real person,117,are_you_a_bot
can you tell me if you're human or if you're a computer,117,are_you_a_bot
are you human or a bot,117,are_you_a_bot
are you a live being,117,are_you_a_bot
please connect with my smart phone,130,sync_device
help me to disconnect from my phone,130,sync_device
i need to disconnect from my phone,130,sync_device
"could you connect with my phone, please",130,sync_device
would you disconnect from my phone,130,sync_device
i would like to pair this with my new phone,130,sync_device
you can disconnect from my phone now,130,sync_device
please connect with my phone,130,sync_device
"initiate connection with my phone, please",130,sync_device
"disconnect from my phone, please",130,sync_device
please get off my phone connection,130,sync_device
connect with my phone please,130,sync_device
are you able to link to my phone,130,sync_device
please connect to my phone,130,sync_device
i want you to disconnect from my phone,130,sync_device
pair my phone please,130,sync_device
i don't want this phone synced any more,130,sync_device
can we pair this with my new phone,130,sync_device
will you connect to my phone,130,sync_device
establish a connection to my phone,130,sync_device
connect to my phone for me,130,sync_device
could you link with my phone,130,sync_device
can you get access to my phone right now,130,sync_device
do you think you could disconnect from my phone,130,sync_device
i wanna disconnect from my phone,130,sync_device
let's terminate connection to my phone please,130,sync_device
get connected to my phone,130,sync_device
stop syncing with this phone,130,sync_device
disconnect from my phone please,130,sync_device
please link with my phone,130,sync_device
please unsync my phone,130,sync_device
could you connect to my phone,130,sync_device
do you have access to my phone,130,sync_device
"can you connect with my phone, please",130,sync_device
you can unsync from my phone now,130,sync_device
pair with my phone,130,sync_device
stop the connection with my phone,130,sync_device
are you able to get into my phone at the moment,130,sync_device
i need you to disconnect from my phone,130,sync_device
"can you connect to my phone, please",130,sync_device
desync from my iphone,130,sync_device
pair with my smart phone,130,sync_device
unsync my phone now please,130,sync_device
please get off my phone,130,sync_device
i am going to go ahead and pair this with my new phone,130,sync_device
i want to disconnect the current connection to my phone,130,sync_device
please desync my current mobile,130,sync_device
desync from my phone,130,sync_device
please disconnect from my phone,130,sync_device
quickly disconnect the phone,130,sync_device
do i have anything on my calendar for may 3,60,calendar
is my daughter's birthday on my calendar,60,calendar
can you give me an overview of what march 23 will look like for me,60,calendar
what do i have on my calendar for monday the 1st of march,60,calendar
i want my schedule for march 2,60,calendar
what do i have on my calendar for february 8,60,calendar
let me know my march 2 calendar,60,calendar
remind me of the date of the event called 'anniversary dinner,60,calendar
"the 21st, what is on my calendar",60,calendar
tell me what is showing on my calendar for the 17th of march,60,calendar
what events are on my calendar for april 1st,60,calendar
tell me what's on the calendar for saturday,60,calendar
what is showing on my calendar for the 17th of march,60,calendar
what am i supposed to be doing today,60,calendar
read me my schedule for march 2,60,calendar
what do i have going on march 2nd on my calendar,60,calendar
show me my calendar for next sunday,60,calendar
do i have anything on my calendar for march 2nd,60,calendar
what's on my calendar for the 18th of march,60,calendar
did i had my wife and mine anniversary to my calendar,60,calendar
what's in the books for april 30th,60,calendar
are there any events on my calendar for march 2nd,60,calendar
did i put an item on the calendar to get the dog neutered,60,calendar
what does my schedule look like for april 1,60,calendar
do i have 30th birthday party on my calendar,60,calendar
how is my calendar looking for may 6th,60,calendar
what do i have planned on my calendar for next sunday,60,calendar
search my calendar for birthday party,60,calendar
what time is my haircut on wednesday,60,calendar
what is on my schedule for the day of march 5th,60,calendar
what do i have on my calendar for march 2,60,calendar
what items do i have on my calendar for easter,60,calendar
what do i have on my calendar for march 11,60,calendar
do i have anything on my calendar next sunday,60,calendar
what do i have to do on march 2 that's on my calendar,60,calendar
what's happening on may 3rd,60,calendar
on the 26th what is on the table for my calendar,60,calendar
do i have anything on my schedule for may 3,60,calendar
does my calendar include an event called shana's baby shower,60,calendar
does my calendar have anything for january 1st,60,calendar
tell me everything on my calendar for may 1,60,calendar
what do i have scheduled for february 28th,60,calendar
do i have any appointments on tuesday,60,calendar
check my calendar to see if an event called final exams exists,60,calendar
what do i have planned on 3/15,60,calendar
what is currently on my calendar for friday the 1st,60,calendar
i must know what is currently on my calendar for friday the 1st,60,calendar
tell me what is on my calendar for april 1,60,calendar
what is on my calander for valentines day,60,calendar
"can you tell me what's on my calendar for march 05, 2019",60,calendar
what are the health benefits i have,74,insurance
what health benefits can i use,74,insurance
what's my health plan,74,insurance
can i obtain health benefits,74,insurance
do you know the health plan i'm on,74,insurance
what is the name of my health insurance,74,insurance
do you know what my health benefits are,74,insurance
what kind of insurance plan am i enrolled in,74,insurance
may i know my insurance benefits,74,insurance
my insurance benefits are what,74,insurance
i need you to tell me what benefits are included in my insurance,74,insurance
what's the healthcare plan i'm on,74,insurance
please find the benefits provided by my insurance,74,insurance
what are my insurance assets,74,insurance
tell me about my insurance benefits,74,insurance
i'm wondering what health plan i'm on,74,insurance
remind me of which insurance plan i'm currently enrolled in,74,insurance
i would like to know all of the covered benefits that are given by my health care plan,74,insurance
list my insurance benefits,74,insurance
"what kind of insurance plan am i enrolled in, please",74,insurance
tell me my health plan,74,insurance
what are my insurance perks,74,insurance
can you tell me the name of the insurance plan i'm a member of,74,insurance
what are the benefits i get for my health,74,insurance
can you tell me my insurance benefits,74,insurance
please look up the name of my insurance plan,74,insurance
any word on my healthcare plan,74,insurance
whats included with my insurance,74,insurance
insurance benefit details,74,insurance
what is the aid i get from these health benefits,74,insurance
can you explain my benefits,74,insurance
what's my insurance benefits like,74,insurance
"what type of insurance plan am i enrolled in, please",74,insurance
what insurance benefits am i getting,74,insurance
what health plan do i have,74,insurance
give me info on my health plan,74,insurance
what benefits does my health coverage give me,74,insurance
what benefits are included in my package,74,insurance
can you tell me my health plan,74,insurance
what's my current health care plan,74,insurance
what are my insurance amenities,74,insurance
what benefits are associated with my insurance,74,insurance
what was my health plan again,74,insurance
what are my insurance rewards,74,insurance
is it possible for you to let me know what health plan i'm on,74,insurance
can you tell me what is included in my health benefits,74,insurance
where is the list of my insurance benefits,74,insurance
give me information on my health plan,74,insurance
what benefits are available with my insurance,74,insurance
i'm curious what health plan i'm on,74,insurance
do i need a tourist visa for europe,59,international_visa
"i want to go to korea, do i need an international visa",59,international_visa
do i need an international visa to go to spain,59,international_visa
does mexico require an international visa,59,international_visa
do i need a visa to leave the country,59,international_visa
do i need a visa to scotland,59,international_visa
does travelling to that place require a visa,59,international_visa
i need to know if i must have an international visa to go to france,59,international_visa
do i need to get a visa for russia,59,international_visa
i am going to germany soon do i need a visa,59,international_visa
do i need a visa to travel to canada,59,international_visa
do i need a travel visa to visit russia,59,international_visa
do i need a visa to russia,59,international_visa
do i need to obtain a travel visa to go on vacation to places in eastern europe,59,international_visa
let me know if i need an international visa to go to sudan,59,international_visa
do i need a visa to travel to jamaica,59,international_visa
will i need a visa to go to moldova,59,international_visa
"i'm going to canada soon, do i need a visa",59,international_visa
should i get a travel visa for spain,59,international_visa
i want to see paris will i need an international visa,59,international_visa
do i need to apply for a visa to visit dnipro,59,international_visa
"for travel to argentina, do i need to get a travel visa",59,international_visa
if i want to travel to mexico do i need to get a visa,59,international_visa
tell me whether i need an international visa to go to mexico,59,international_visa
do i have to get an international visa before they'll let me in melbourne,59,international_visa
does france have their own version of a visa,59,international_visa
what documents to i need to go to egypt,59,international_visa
might i need to get a visa to travel to venezuela,59,international_visa
israel has strict restrictions do i need a visa to travel there,59,international_visa
am i in need of an international visa to go to france,59,international_visa
do i need a visa to travel to mexico,59,international_visa
do i need a visa to travel to isreal,59,international_visa
do i need a visa to go to cuba,59,international_visa
would i need a tourist visa for brazil,59,international_visa
do i need a travel visa to visit canada,59,international_visa
"to visit cambodia, do i need an international visa",59,international_visa
will i have to apply for a visa if i want to visit mexico,59,international_visa
does international travel always require a visa,59,international_visa
would i need a travel visa to go to the congo,59,international_visa
do i need a visa to go to greece,59,international_visa
i'm going to jamaica next week; am i needing a visa,59,international_visa
i'm vacationing in israel will i need a visa,59,international_visa
do i need to bring a visa when i go to canada next month,59,international_visa
"if i'm planning to go to the uk, do i need a visa",59,international_visa
"i'm going to be going to canada soon, do they require a visa for entry",59,international_visa
do i need a visa to go to somewhere internationally,59,international_visa
i am going to russia and am wondering if i need a visa,59,international_visa
do i need an international visa to enter canada,59,international_visa
do i need an international visa to go to malaysia,59,international_visa
to vacation to tel aviv do i need a travel visa,59,international_visa
i want you to immediatly block any further activity on my bb&t bank account,20,freeze_account
place a block on my capital one account right now,20,freeze_account
i want my account frozen,20,freeze_account
i need to hold off on my account,20,freeze_account
please do a stop on my bank account,20,freeze_account
i need you to block my mutualone account now,20,freeze_account
put a freeze on my bank account,20,freeze_account
stop all payments to my bank account,20,freeze_account
do you mind putting a stop on my bank account,20,freeze_account
can you put a stop on my bank account now,20,freeze_account
don't let payments go through using my bank account,20,freeze_account
please freeze my account,20,freeze_account
put a hold on my bank account please,20,freeze_account
i'd like a block on my charles schwab account immediately,20,freeze_account
place a hold on my bank account,20,freeze_account
please turn my account to frozen,20,freeze_account
can you put a stop on my bank account,20,freeze_account
"could you freeze my account, please",20,freeze_account
i'd like a stop placed on my bank account,20,freeze_account
turn off my account,20,freeze_account
i need a block put on my chase account right away,20,freeze_account
stop payments from my bank,20,freeze_account
can i freeze my bank account,20,freeze_account
please freeze my bank account,20,freeze_account
please block my chase account right away,20,freeze_account
dont allow any action on my account,20,freeze_account
"help me freeze my bank account, please",20,freeze_account
i'd like to put a freeze on my bank account,20,freeze_account
freeze my bank account,20,freeze_account
i want my bank account frozen,20,freeze_account
please make my account a frozen one,20,freeze_account
put a stop on my deposit account,20,freeze_account
put a hold on my bank of america account right away please,20,freeze_account
freeze my account immediately,20,freeze_account
is it too much trouble to put a stop on my bank account,20,freeze_account
"i need you to place a stop on my bank account, thank you",20,freeze_account
can you block my chase account right away please,20,freeze_account
my bank account must be frozen,20,freeze_account
i need a stop placed on my bank account please,20,freeze_account
pause my account,20,freeze_account
could you put a stop on my bank account,20,freeze_account
"can you put a stop on my bank account, please",20,freeze_account
please immediatly block my presidential bank account right now,20,freeze_account
i need my account frozen,20,freeze_account
put a hault on my savings account,20,freeze_account
i'd like my account frozen,20,freeze_account
block my chase account asap,20,freeze_account
can you put a block on my chase account right away,20,freeze_account
i would appreciate it if you put a stop on my bank account,20,freeze_account
could you freeze my account now,20,freeze_account
what items are on my shopping list,43,shopping_list
do i have a big shopping list,43,shopping_list
list out my shopping list for me,43,shopping_list
does my shopping list consist of chips,43,shopping_list
i need to know what is on my shopping list,43,shopping_list
does my shopping list include corn,43,shopping_list
i need to know the items on my shopping list,43,shopping_list
whats on my list for shopping,43,shopping_list
display shopping list,43,shopping_list
read my entire shopping list to me,43,shopping_list
are tomatoes on my shopping list,43,shopping_list
list out what is on my shopping list,43,shopping_list
tell me the things on my shopping list,43,shopping_list
what all is on my shopping list,43,shopping_list
my list for shopping has what on it,43,shopping_list
what did i write down on my shopping list this time,43,shopping_list
is ice cream currently on my shopping list,43,shopping_list
tell me what i can find on the shopping list,43,shopping_list
what do i need when i go shopping,43,shopping_list
do you want peanut butter for your lunches this week,43,shopping_list
is a toothbrush on my shopping list,43,shopping_list
tell me what i put on the shopping list,43,shopping_list
read me my shopping list please,43,shopping_list
what do i need to go shopping for,43,shopping_list
i need to hear what's on my shopping list,43,shopping_list
do i need milk at the store,43,shopping_list
i need to know the things on my shopping list,43,shopping_list
which purchases are on my shopping list,43,shopping_list
what are my shopping list's content,43,shopping_list
my shopping list contains what,43,shopping_list
what things are on my shopping list,43,shopping_list
can you look up what my shopping list has on it,43,shopping_list
read me my shopping list,43,shopping_list
what do i need to buy at the store,43,shopping_list
show me my shopping list,43,shopping_list
read me everything on my shopping list,43,shopping_list
does my shopping list include apples right now,43,shopping_list
what is available on the shopping list,43,shopping_list
name the items on my shopping list,43,shopping_list
read my shopping list to me,43,shopping_list
what does my shopping list involve,43,shopping_list
would you let me know what is on my shopping list,43,shopping_list
tell me what's on my shopping list,43,shopping_list
what are the contents of my shopping list,43,shopping_list
what does my shopping list entail,43,shopping_list
"can you tell me my shopping list items, please",43,shopping_list
pull up my shopping list for me,43,shopping_list
tell me whats on my shopping list,43,shopping_list
what stuff did i put on my shopping list,43,shopping_list
do i have tomato on the shopping list,43,shopping_list
do i need to change my oil,123,oil_change_when
how long until i need to change my oil,123,oil_change_when
when should my oil get changed,123,oil_change_when
when do i need you change my oil,123,oil_change_when
how often do you have to change your oil,123,oil_change_when
"my oil seems pretty black, does that mean i should change it",123,oil_change_when
when do i need to change the oil again,123,oil_change_when
how often should the oil get changed,123,oil_change_when
when is my next oil change due,123,oil_change_when
at what point should the oil be changed again,123,oil_change_when
how often should you get an oil change,123,oil_change_when
"at which mileage, should i get my oil changed",123,oil_change_when
my next oil change is when,123,oil_change_when
when do i need my oil changed,123,oil_change_when
when should my oil be changed,123,oil_change_when
what duration of time should i wait before i change my oil,123,oil_change_when
how often should i change my oil,123,oil_change_when
when is my oil due to be changed,123,oil_change_when
when do you think i should change my oil,123,oil_change_when
how long does oil last in a car,123,oil_change_when
oil changes are typical done how often,123,oil_change_when
how much longer until i need to get my oil changed,123,oil_change_when
when is my car due for an oil change,123,oil_change_when
when am i due for an oil change,123,oil_change_when
what date should i next change my oil,123,oil_change_when
is it time for an oil change,123,oil_change_when
how long before i need an oil change,123,oil_change_when
in how many miles do i need to schedule my oil change,123,oil_change_when
do you change the oil in your car more than once a year,123,oil_change_when
what is the due date for my next oil change,123,oil_change_when
how long before i neet to get my oil changed,123,oil_change_when
when will my car need an oil change,123,oil_change_when
when is my next oil change,123,oil_change_when
when do i need an oil change,123,oil_change_when
i need to know when my oil should be changed,123,oil_change_when
when will i need another oil change,123,oil_change_when
when do i need to get an oil change,123,oil_change_when
"it's been 3 years since i changed my oil, how long until i have to deal with it",123,oil_change_when
when to change my oil,123,oil_change_when
i really must know when should i get my oil changed next,123,oil_change_when
how many miles can i drive before changing my oil,123,oil_change_when
when is my oil change expected,123,oil_change_when
what is the time frame for changing oil,123,oil_change_when
how long can you go between oil changes,123,oil_change_when
when do cars need their oil changed,123,oil_change_when
i need to know when should i get my oil changed next,123,oil_change_when
when can i get oil changed,123,oil_change_when
when should i change the oil in my car,123,oil_change_when
at what point will i need another oil change,123,oil_change_when
when should i change my car oil,123,oil_change_when
share location with bill,58,share_location
give the boys my location please,58,share_location
tell base camp my gps coordinates,58,share_location
i would like ms johannson and ms alba to be informed of my location,58,share_location
please tell wanda where i am now,58,share_location
how do i share my location with noel,58,share_location
tell john and sam where i am,58,share_location
i need to share my location with noel,58,share_location
how can i show noel where i am right now,58,share_location
share my location with my sister,58,share_location
i would like to share my location with my mom,58,share_location
can you tell bill and craig where i am,58,share_location
"how do i share where i am, with another person",58,share_location
can you forward my location to tom,58,share_location
i need the tow truck to be given my gps coordinates,58,share_location
share my location with brad and terry,58,share_location
can you share my location with mom,58,share_location
allow my son to see my gps coordinates,58,share_location
let the folks know my gps coordinates,58,share_location
trey needs my current location,58,share_location
i need to send my current location to sean,58,share_location
give tom my location,58,share_location
please let my mom and dad know my location,58,share_location
give my location right now to my family,58,share_location
share my location with darren and stacey,58,share_location
let randy and travis know where i'm at,58,share_location
share my gps coordinates with my dad,58,share_location
please send my location to haley,58,share_location
can you share my location with my girlfriends,58,share_location
share my location with mom,58,share_location
share my gps coordinates with my mother,58,share_location
i need you to let mr miyagi and daniel know where i am,58,share_location
share my gps coordinates with jim,58,share_location
share my gps location with steve,58,share_location
give my current location to robyn now,58,share_location
tell bill and craig where i am,58,share_location
please show my current location to andre,58,share_location
share my gps coordinates with my brother,58,share_location
inform eric of my current location,58,share_location
send my current location to my superior,58,share_location
please allow dan to see my location,58,share_location
let barbara know where i'm at,58,share_location
will you let mary know my location,58,share_location
my friend steve needs my gps coordinates send them to him,58,share_location
post my gps coordinates to my facebook friends,58,share_location
let the wife see where i'm at,58,share_location
let the rents have my current location,58,share_location
i need you to push my location to cory,58,share_location
can you tell bob and alice where i am,58,share_location
let cora and nancy know were i am now,58,share_location
what things can you help me with exactly,115,what_can_i_ask_you
what can you help me with exactly,115,what_can_i_ask_you
let me know what subjects you comprehend well,115,what_can_i_ask_you
how can you assist me,115,what_can_i_ask_you
what things do you know about,115,what_can_i_ask_you
which types of questions can i ask you,115,what_can_i_ask_you
what kinds of questions can i ask you,115,what_can_i_ask_you
what sorts of things can i ask you about,115,what_can_i_ask_you
what exactly can you help me with,115,what_can_i_ask_you
what subjects do you know,115,what_can_i_ask_you
tell me what you are capable of answering,115,what_can_i_ask_you
what questions are permissible,115,what_can_i_ask_you
what kind of questions are you good at answering,115,what_can_i_ask_you
can you tell me the subjects you know best,115,what_can_i_ask_you
what are your capabilities,115,what_can_i_ask_you
what are you familiar with,115,what_can_i_ask_you
can i ask you about anything,115,what_can_i_ask_you
can you help me with anything i need,115,what_can_i_ask_you
what sort of stuff do you know,115,what_can_i_ask_you
what kind of questions can i ask you,115,what_can_i_ask_you
i would like to know the types of subjects are you familiar with,115,what_can_i_ask_you
what subjects are you versed in,115,what_can_i_ask_you
tell me the subject areas you are familiar with,115,what_can_i_ask_you
what can you be asked about,115,what_can_i_ask_you
tell me the types of things i can ask you about,115,what_can_i_ask_you
what types of things do you know,115,what_can_i_ask_you
what are you able to do,115,what_can_i_ask_you
what can you answer for me,115,what_can_i_ask_you
what do you know,115,what_can_i_ask_you
what all can you do,115,what_can_i_ask_you
what do you have answers for,115,what_can_i_ask_you
what types of things are you able to do,115,what_can_i_ask_you
what kinds of questions can you respond to,115,what_can_i_ask_you
what kinds of things can i ask you,115,what_can_i_ask_you
i need to know what kind of things you can help with,115,what_can_i_ask_you
is there anything i can't ask you,115,what_can_i_ask_you
what information can i ask you,115,what_can_i_ask_you
what skills do you have,115,what_can_i_ask_you
how can i benefit from using you,115,what_can_i_ask_you
what should i ask you about,115,what_can_i_ask_you
what kind of things can you answer,115,what_can_i_ask_you
what type of questions are you partial to that i can ask you,115,what_can_i_ask_you
what can i ask you,115,what_can_i_ask_you
how can i use you,115,what_can_i_ask_you
what can you do,115,what_can_i_ask_you
what kinds of things can you do,115,what_can_i_ask_you
tell me the subjects you're aware of,115,what_can_i_ask_you
what kind of questions do you accept,115,what_can_i_ask_you
"ai, tell me what things i should ask of you",115,what_can_i_ask_you
what types of questions do you have a response for,115,what_can_i_ask_you
do i need a socket converter if i'm going to be in russia,120,plug_type
are barcelona plugs compatible,120,plug_type
what are those european plugs called,120,plug_type
do they use weird plugs in australia where i'd need some kind of socket converter,120,plug_type
should i bring my socket converter while traveling to england,120,plug_type
do i really need a plug converter when in london,120,plug_type
what kind of electrical plugs do they uze in z,120,plug_type
what kind of plug converter is needed in c,120,plug_type
what kind of plug does my hair dryer use in south korea,120,plug_type
what plug type is used in spain,120,plug_type
do visitors to japan need to use a socket converter,120,plug_type
what kind of plugs will i need when i'm in ecuador,120,plug_type
what type of plug do i need to bring if i visit japan,120,plug_type
give me the plug type for the country,120,plug_type
do i need a plug converter in doha,120,plug_type
what kind of electrical outlets do they use in z,120,plug_type
what plug type should i use in england,120,plug_type
do i need a socket converter if i'm going to be in ohio,120,plug_type
what kind of hertz outlets do they use in z,120,plug_type
"when you go to germany, do you need a special converter for your plugs",120,plug_type
do i need a socket converter if i'm going to be in hong kong,120,plug_type
do i need a socket converter if i'm going to be in china,120,plug_type
does england require socket converters,120,plug_type
will i need a socket converter when i go to france,120,plug_type
are the plugs different in barcelona,120,plug_type
does australia have different plug sizes,120,plug_type
what plug types are there in cuba,120,plug_type
do i need a socket converter if i'm going to be in germany,120,plug_type
will i need a plug converter for my electronics in amman,120,plug_type
which type of plugs do they use in scotland,120,plug_type
should i buy a plug converter if i am traveling to egypt,120,plug_type
what kind of outlets does havana have,120,plug_type
are socket converters needed in lisbon,120,plug_type
do they use special outlets in australia,120,plug_type
"in osaka, do i need a plug converter for my electronics",120,plug_type
do i need to have a socket converter in canada,120,plug_type
when in europe would i be able to use a regular plug,120,plug_type
do i need a socket converter if i'm going to be in eithiopia,120,plug_type
is a socket converter required in india,120,plug_type
what plug type does greece use,120,plug_type
tell me the plug type that is used in scotland,120,plug_type
what kind of outlets do they use in z,120,plug_type
what kind of plug does the country use,120,plug_type
i have to know what plug that country uses,120,plug_type
do i need a power adapter in mexico,120,plug_type
"i'm going out of country, what type of outlet plug do i need",120,plug_type
will my plugs work in barcelona,120,plug_type
if i visit cairo will i need a plug converter,120,plug_type
what plugs are used in spain,120,plug_type
how do i know what the outlets are like,120,plug_type
are shots needed for uk travel,52,vaccines
which vaccinations are required to go to viet nam,52,vaccines
are there shots required before going to south africa,52,vaccines
are vaccinations necessary to go there,52,vaccines
should i get any shots before i go to south africa,52,vaccines
tell me if i need any more vaccines if i go there,52,vaccines
please tell me what shots i am required to get to travel to india,52,vaccines
do i need any shots before i go to south africa,52,vaccines
what are common vaccinations for someone travelling internationally,52,vaccines
what type of specific shots should i get before flying to south korea,52,vaccines
before i leave for mexico should i get some more vaccinations,52,vaccines
how many vaccinations will i need to travel to asia,52,vaccines
what are the recommended shots to get before i travel to south korea,52,vaccines
do i need to get vaccines before my trip,52,vaccines
is it recommended to get any specific shots before i travel to japan,52,vaccines
do i need shots to go to thailand,52,vaccines
should i get any vaccines before going over to the uk,52,vaccines
list all the shots i need to travel to france,52,vaccines
is it recommended to get any specific shots before i travel to argentina,52,vaccines
is it recommended to get any specific shots before i travel to norway,52,vaccines
do i need certain shots before flying to eithiopia,52,vaccines
do i need to get shots before i go to kenya,52,vaccines
can you tell me if there are any shots that i am required to have before traveling to south africa,52,vaccines
i'm going to india do i need some shots,52,vaccines
do i need to get vaccinated to go to thailand,52,vaccines
what are the shots i need in order to travel to mexico,52,vaccines
do i need a vaccination to go to china,52,vaccines
tell me what vaccinations i need to get into france,52,vaccines
do i need vaccinations to travel there,52,vaccines
do i need a vaccination to go to greece,52,vaccines
are there recommendations to get any specific shots before i travel to germany,52,vaccines
will this trip require vaccines,52,vaccines
what shots do i need before heading to france,52,vaccines
am i going to need vaccines for the trip,52,vaccines
are my vaccines up to date for going there,52,vaccines
do i need any shots if i travel to africa,52,vaccines
do i need shots before i get to africa,52,vaccines
do i need to protect myself with some shots for a trip to vietnam,52,vaccines
is there a list of recommended shots to get before travelling to kenya,52,vaccines
do i need specific shots before traveling to germany,52,vaccines
which types of vaccinations are required when leaving the united states,52,vaccines
do i need to get vaccinations before i go,52,vaccines
are there any mandatory shots that i must get before my trip to jamaica,52,vaccines
which shots do i need before i go to thailand,52,vaccines
what shots do i need to get in order to travel to khartoum,52,vaccines
are any shots recommended before going to kenya,52,vaccines
traveling to the uk am i going to need any specific shots,52,vaccines
am i required to get a vaccine for this trip,52,vaccines
will i need immunization for a trip to turkey,52,vaccines
are vaccinations required to travel there,52,vaccines
when should i expect my next paycheck,79,payday
remind me of the date of my last paycheck,79,payday
tell me my next paycheck,79,payday
can you confirm the date my last paycheck was received,79,payday
when will my paycheck be available,79,payday
when should another paycheck arrive,79,payday
when will i recieve my next paycheck,79,payday
i need to know when i was paid last,79,payday
what date did i receive my last paycheck,79,payday
when do i get my next check,79,payday
what day do i get paid next,79,payday
tell me when i last got paid,79,payday
when am i paid,79,payday
when will my next paycheck come,79,payday
what day do i get paid,79,payday
when will i be paid again,79,payday
i wanna know when i was paid last,79,payday
how much longer until the next payday,79,payday
how many days until my next payday,79,payday
when did i get paid the last time,79,payday
when was the last time i got paid,79,payday
what date will my next paycheck be here,79,payday
do you know when i can expect my next paycheck,79,payday
on what date did i get paid last,79,payday
when will i be getting my next paycheck,79,payday
when will i get paid next,79,payday
did i receive my paycheck this week,79,payday
i need to know when to expect my next paycheck,79,payday
what is the date of my last paycheck,79,payday
please give me the expected arrival date for my next paycheck,79,payday
how long is it until payday,79,payday
when's my next payday,79,payday
when was my last payment,79,payday
my next paycheck is available when,79,payday
when is my next paycheck due,79,payday
i need to know the date my next paycheck will be here,79,payday
when was the last date that i was paid,79,payday
tell me when my next paycheck will be here,79,payday
day that i get paid,79,payday
let me know when i'm going to be paid,79,payday
when am i due for my next paycheck,79,payday
how much longer until i have a direct deposit,79,payday
tell me when i received my last paycheck,79,payday
what day is my next payday,79,payday
my next payday,79,payday
tell me when my next paycheck is set to arrive,79,payday
what is my next payday,79,payday
tell me when i received my most recent paycheck,79,payday
what time is my next paycheck coming,79,payday
when will i get my next paycheck,79,payday
did the application i put in for a mastercard go through yet,103,application_status
i want to know if my credit card application has been processed yet,103,application_status
how will i know when my application for a credit card has been processed,103,application_status
what is the status of my application for the credit card,103,application_status
check on my credit card application,103,application_status
in what status is my credit card application,103,application_status
has anyone looked at my mastercard application,103,application_status
tell me about my american express application; did it go through,103,application_status
has there been any changes in the status of my credit card application,103,application_status
look into the status of the credit card application i submitted recently for my new card,103,application_status
i want an update on my application for a credit card that i sent in a couple weeks ago,103,application_status
do i have any updates about my credit card application,103,application_status
please check the status of my mastercard application,103,application_status
can you check the status of my credit card application,103,application_status
when can i hear the decision on my credit card application,103,application_status
have you heard anything back on my cc application,103,application_status
do you know if my amex card app went through,103,application_status
is the processing done on my new credit card,103,application_status
tell me straight if it has been processed or not,103,application_status
has my credit card application been approved,103,application_status
how can i track the progress of my credit card application,103,application_status
did my chase card application go through yet,103,application_status
please find out the current status of my credit card application,103,application_status
"i applied for the credit card, have you processed my application",103,application_status
i haven't heard if my application for a credit card has been accepted or not can you check on it for me,103,application_status
has my application for a new credit card been processed,103,application_status
how is my application on new credit card going,103,application_status
tell me a little more about the status of my credit card application,103,application_status
update me on the status of my credit card application,103,application_status
did my visa card app go through yet,103,application_status
please look into the latest status of my credit card application,103,application_status
have they looked over my app for the new credit card yet,103,application_status
has the application i put in for a new visa been processed,103,application_status
see if my form submission for an american express card has been seen,103,application_status
when will my application for my credit card be processed,103,application_status
can you check if my application for a discovery card has been looked over yet,103,application_status
what is the status of my new credit card application,103,application_status
when will my credit card app be approved,103,application_status
do you know the status of the credit card application i filed,103,application_status
can you check and see if my credit card application has been approved or not,103,application_status
i applied for a new credit card; did it process yet,103,application_status
has my credit card application been processed,103,application_status
i need to know what the latest is with my application for a visa credit card,103,application_status
can you update me on the status of my american express card application,103,application_status
i applied for a visa card; did that go through,103,application_status
do you know what the latest is with my credit card application,103,application_status
could you check and see if my credit card application has been processed and approved or not,103,application_status
i need to know if the application been processed,103,application_status
i filed a credit card application so what is going on with it,103,application_status
is my application processed for credit card,103,application_status
what day is our next free day,140,next_holiday
do you know the date of my next day off,140,next_holiday
what is the next holiday,140,next_holiday
do i have a day off coming up soon,140,next_holiday
tell me what holiday is comming up next,140,next_holiday
can you tell me what the next holiday is,140,next_holiday
what's the next holiday,140,next_holiday
how soon is my next day off,140,next_holiday
when will we have another day off,140,next_holiday
can you tell me the next holiday,140,next_holiday
when does my current job have the next official paid holiday,140,next_holiday
when is the next day off,140,next_holiday
how much longer till the next day off,140,next_holiday
when will the day off be,140,next_holiday
when will we next get to stay home from work,140,next_holiday
show me my next day off,140,next_holiday
i need to know when i get my next day off,140,next_holiday
how many more weeks until the next holiday,140,next_holiday
when's the next day off coming up,140,next_holiday
is there a holiday next week,140,next_holiday
when is the next scheduled holiday,140,next_holiday
tell me when the next day off will be,140,next_holiday
tell me when the next holiday arrives,140,next_holiday
i need to know when my next day off is,140,next_holiday
i need to know when i will next have the day off,140,next_holiday
how much time till the next day off,140,next_holiday
how much time till the next time off,140,next_holiday
check when the next day is i can go fishing will be,140,next_holiday
to what extent until the following day away from work,140,next_holiday
i need to know when the next holiday is,140,next_holiday
how many days until my next day off,140,next_holiday
are there any holiday's comming up,140,next_holiday
i need to know when the next holiday will be,140,next_holiday
when don't i have to work next,140,next_holiday
please look up the next holiday for me,140,next_holiday
what's the time period till our next day off,140,next_holiday
when do i have some time off next,140,next_holiday
which holiday is next,140,next_holiday
how many more days until my next paid day off,140,next_holiday
"when is the next scheduled holiday, please",140,next_holiday
what day am i off next,140,next_holiday
when's the next holiday coming,140,next_holiday
when's the next time my job'll give me a day to myself,140,next_holiday
to what extent until the following free day,140,next_holiday
let me know when my next day off is,140,next_holiday
when's the next time i get a day off,140,next_holiday
when does this place let us have a holiday next,140,next_holiday
when's the next federally recognized holiday,140,next_holiday
when can i expect my next day off,140,next_holiday
whats the next day that i am off,140,next_holiday
tell me something funny about cats,36,tell_joke
do you have any jokes,36,tell_joke
give me a joke about horses,36,tell_joke
i would love to hear a joke about the dmv,36,tell_joke
how about you tell me a joke,36,tell_joke
i love dad jokes can you tell me one,36,tell_joke
make me giggle,36,tell_joke
i need a good laugh,36,tell_joke
what are some funny jokes,36,tell_joke
mind sharing a joke,36,tell_joke
say something funny,36,tell_joke
could you please tell me a good joke,36,tell_joke
tell me something funny about dogs,36,tell_joke
indicate something funny on the topic of food,36,tell_joke
can you tell me a joke about politicians,36,tell_joke
can you tell me something funny,36,tell_joke
"please, recite to me some good one liners",36,tell_joke
show me something funny about food,36,tell_joke
let me know something funny,36,tell_joke
what’s your favorite funny joke,36,tell_joke
heard any good jokes lately,36,tell_joke
i wanna hear something funny,36,tell_joke
tell me something funny about animals,36,tell_joke
look for funny jokes,36,tell_joke
tell me something that'll make me laugh,36,tell_joke
do you have a list of funny jokes,36,tell_joke
what do people find funny about food,36,tell_joke
tell me something funny about love,36,tell_joke
what's the funniest joke you know,36,tell_joke
please tell me a joke about dinosaurs,36,tell_joke
say something hilarious,36,tell_joke
what's the latest joke you've heard,36,tell_joke
tell me something funny about parenting,36,tell_joke
can you tell me some dog jokes,36,tell_joke
could you share a joke,36,tell_joke
would you like to tell me a joke,36,tell_joke
tell me a joke about lawyers,36,tell_joke
tell me something funny about people,36,tell_joke
tell me a joke about rats,36,tell_joke
i'd like to hear a joke,36,tell_joke
what's the funniest thing you know about artificial intelligence,36,tell_joke
tell me something funny now,36,tell_joke
i would like to listen to a funny joke,36,tell_joke
can you make me laugh,36,tell_joke
tell me something funny about politics,36,tell_joke
do you have any jokes to tell me,36,tell_joke
tell me something amusing,36,tell_joke
what's the funniest thing you know about peanuts,36,tell_joke
what jokes do you know,36,tell_joke
tell me something funny about adulthood,36,tell_joke
can i substitute rice milk for milk,134,ingredient_substitution
can i use sour cream instead of milk,134,ingredient_substitution
is it okay to switch water for milk,134,ingredient_substitution
"i don't have sour cream, can i use yogurt instead",134,ingredient_substitution
can i use baking soda instead of baking powder,134,ingredient_substitution
can i use yogurt in place of sour cream,134,ingredient_substitution
could i use olive oil instead of grape seed oil,134,ingredient_substitution
alternatives to white wine in food,134,ingredient_substitution
can i substitute apple juice for wine,134,ingredient_substitution
are you able to sub white sugar for brown sugar,134,ingredient_substitution
please allow me to swap salt for baking soda,134,ingredient_substitution
can i substitute bacon for sausage,134,ingredient_substitution
can i use milk instead of cream,134,ingredient_substitution
can i exchange milk for cream in recipes,134,ingredient_substitution
is it ok to substitute spinach for lettuce,134,ingredient_substitution
can i substitute yogurt for sour cream,134,ingredient_substitution
can i substitute honey for sugar,134,ingredient_substitution
can i use sour cream instead of yogurt,134,ingredient_substitution
"if a recipe calls for sour cream, can i use yogurt",134,ingredient_substitution
is it acceptable to swap rice for quinoa,134,ingredient_substitution
can i use sour cream in place of creme fraiche,134,ingredient_substitution
is it acceptable to swap milk for water,134,ingredient_substitution
what can i use as a substitute for yeast,134,ingredient_substitution
can i substitute vinegar for apple cider vinegar,134,ingredient_substitution
can i use salt instead of baking soda,134,ingredient_substitution
can you sub half and half for heavy whipping cream,134,ingredient_substitution
is it acceptable to swap chicken for pork,134,ingredient_substitution
can i use dark brown sugar instead of brown sugar,134,ingredient_substitution
is it acceptable to swap salt for baking soda,134,ingredient_substitution
can i substitute oregano for basil,134,ingredient_substitution
is it possible to use sausage instead of hot dog,134,ingredient_substitution
i wanna swap salt for baking soda,134,ingredient_substitution
i need to sub sugar for salt,134,ingredient_substitution
cumin may be substituted for tumeric,134,ingredient_substitution
can i swap coconut milk for condensed milk,134,ingredient_substitution
is it acceptable to swap marinara for alfredo,134,ingredient_substitution
can i swap sugar for salt,134,ingredient_substitution
can i use olive oil instead of butter,134,ingredient_substitution
is it fine to sub bread flour with all-purpose flour,134,ingredient_substitution
is it ok to sub sugar for salt,134,ingredient_substitution
it is okay to replace water instead of milk,134,ingredient_substitution
can i use sharp cheddar instead of muenster,134,ingredient_substitution
is it ok to use brown sugar instead of powdered sugar,134,ingredient_substitution
can i use almond milk instead of rice milk,134,ingredient_substitution
can i substitute eggs for milk in a recipe,134,ingredient_substitution
would it be possible to replace the salt with baking soda,134,ingredient_substitution
can i substitute ginger for garlic,134,ingredient_substitution
will it be okay if i use water instead of milk,134,ingredient_substitution
can i swap yogurt for sour cream,134,ingredient_substitution
i wanna sub sugar for salt,134,ingredient_substitution
i need a clear calendar for april 15,105,calendar_update
i wanna remove fishing from my calendar for soccer,105,calendar_update
add farm trip to my calendar for friday,105,calendar_update
take lunch with steven off of my calendar,105,calendar_update
make sure to add to my calendar the staff meeting for march 1 at 10 am,105,calendar_update
i need trip to the zoo on the calendar for june 4,105,calendar_update
i need to remove an event from my calendar,105,calendar_update
please schedule an event called 'nadine's baby shower' on my calendar,105,calendar_update
can you change the date of the doctor's appointment event in my calendar from april 1 to april 3rd,105,calendar_update
take my dinner plans off my calendar for tomorrow,105,calendar_update
"put ""get tires checked"" on my calendar",105,calendar_update
add mom's birthday to my calendar on april 12,105,calendar_update
take pat's appointment off my calendar,105,calendar_update
i no longer need to go to the zoo on the 8th of this month,105,calendar_update
add meeting with carla to my schedule for july 4,105,calendar_update
add a vet appointment for 5 pm on saturday,105,calendar_update
i want to add farm trip to my calendar for friday,105,calendar_update
can you get rid of my trip to the zoo from my calendar on march 1st,105,calendar_update
please remove fishing from my calendar for soccer,105,calendar_update
remove the recurring training meeting events off my calendar,105,calendar_update
i need anniversary dinner added to my schedule for march 7,105,calendar_update
make sure april 1 is clear on my calendar,105,calendar_update
please add final exams to my calendar for may 2,105,calendar_update
add my birthday to my calendar for next month on the 5th,105,calendar_update
please put annie's baby shower on march 30 in my calendar,105,calendar_update
get rid of everything on my calendar for march 2nd,105,calendar_update
i shall remove fishing from my calendar for soccer,105,calendar_update
delete that event from calendar,105,calendar_update
remove celebrate anniversary from my calendar,105,calendar_update
go ahead and delete the doctor appointment i have scheduled for monday,105,calendar_update
i want you to add staff meeting to my calendar for march 1 at 10:00 am,105,calendar_update
remove from calendar jesse's bbq on june 9th,105,calendar_update
clear my calendar for tomorrow,105,calendar_update
i need to add my doctor's appointment to my calendar for the first,105,calendar_update
march 3rd needs to be cleared on my calendar,105,calendar_update
put appointment on my calendar for tomorrow,105,calendar_update
get rid of tuesday the 5ths dinner,105,calendar_update
remember to put down that i have an appointment for tomorrow on my calendar,105,calendar_update
schedule family dinner on my calendar on march 8,105,calendar_update
clear my calendar for this friday,105,calendar_update
put my parents anniversary on the calendar for next week on tuesday,105,calendar_update
delete the hair appointment i had scheduled on may 1st pleae,105,calendar_update
remove the may 11 event called baby shower from my calendar,105,calendar_update
please scratch my march 1st meeting off my calendar,105,calendar_update
delete my golf tournament event from tomrrow,105,calendar_update
delete all events on my calendar that have the word girlfriend in them,105,calendar_update
please remove an event from this calendar,105,calendar_update
please put taco night on the house calendar date of january 6,105,calendar_update
i need to remove fishing from my calendar for soccer,105,calendar_update
add jake's birthday party for friday at 5,105,calendar_update
tell me your date of birth,99,how_old_are_you
i'd like to know how old you are,99,how_old_are_you
can you tell me how old you are,99,how_old_are_you
how many years have you been on,99,how_old_are_you
how many years ago was al born,99,how_old_are_you
"how old are you, ai",99,how_old_are_you
"ai, how long have you been alive",99,how_old_are_you
your age please,99,how_old_are_you
what is the date of your birth,99,how_old_are_you
i'd love to hear when you were born,99,how_old_are_you
how long have you been alive for,99,how_old_are_you
for how long have you existed,99,how_old_are_you
do you know exactly when you were born,99,how_old_are_you
can you tell me the age of the ai,99,how_old_are_you
tell me how old youare,99,how_old_are_you
i want to know your age,99,how_old_are_you
how many years has al been on earth,99,how_old_are_you
how many years on the earth,99,how_old_are_you
you are how old,99,how_old_are_you
how old is al,99,how_old_are_you
lemme know when you were born,99,how_old_are_you
what is your birthday,99,how_old_are_you
what's your age siri,99,how_old_are_you
let me know when you were born,99,how_old_are_you
how long have you been functional,99,how_old_are_you
please tell me your date of birth,99,how_old_are_you
how old will you be next year,99,how_old_are_you
tell me when you were born,99,how_old_are_you
when was your birth,99,how_old_are_you
when did you originate,99,how_old_are_you
how many years do you have,99,how_old_are_you
how old are you today,99,how_old_are_you
how old are you alexa,99,how_old_are_you
how long have you been around,99,how_old_are_you
"ai, how old are you",99,how_old_are_you
you're how old,99,how_old_are_you
what's your age again,99,how_old_are_you
what year were you born,99,how_old_are_you
what is your creation date,99,how_old_are_you
"what age were you on your last birthday, ai",99,how_old_are_you
tell me how old you are,99,how_old_are_you
are you older than me,99,how_old_are_you
do you know when you were born,99,how_old_are_you
what is the exact date of your birth,99,how_old_are_you
how old are you again,99,how_old_are_you
can you tell me when you were born,99,how_old_are_you
where did you grow up,99,how_old_are_you
how old are you exactly,99,how_old_are_you
tell me your age,99,how_old_are_you
are you young or old,99,how_old_are_you
"search for the nearest atm to newark penn station, newark in new jersey",72,directions
guide me to a laundromat near me,72,directions
i want to see the golden gate bridge and i'm walking on 5th street right now,72,directions
i need to know the nearest bank's location,72,directions
how do i get to statue of liberty by bus,72,directions
how do i get to the museum by bus,72,directions
is there a starbucks close to home,72,directions
please tell me the subway station nearest to madison square garden in new york,72,directions
"where is the closest chevron gas station in columbus, ohio",72,directions
is there a way to go by bus to olympia,72,directions
let me know how to get to the starbucks nearby,72,directions
direct me to the closest starbucks near home,72,directions
find me starbucks,72,directions
i want directions to the closest atm,72,directions
where can i find the mall closest to here,72,directions
i want to know the nearest bank's location,72,directions
how can i travel by bus to the grand canyon,72,directions
how would i walk to the liberty bell from here,72,directions
how do i get to the beach by bus,72,directions
is there a tire repair place near the post office,72,directions
how do i get to the hotel by bus,72,directions
"from here, how do i get to the statue of liberty by bus",72,directions
how do i get to the statue of liberty on foot,72,directions
which bus should i take to get to the statue of liberty,72,directions
how do i get to the closest starbucks,72,directions
i need to know directions to the nearest gas station,72,directions
how do i get to the nearest post office,72,directions
tell me where is the closest coffee shop,72,directions
i want to visit chicago by bus what do i need to do,72,directions
does the bus go to the washington monument,72,directions
how do i get to the park on foot,72,directions
does home have a starbucks nearby,72,directions
i need to know how to get to target by bus,72,directions
how would i get to city hall via bus,72,directions
i would like to know where the closest gas station is,72,directions
where is the closest starbucks,72,directions
could you tell me how to get to the statue of liberty by bus,72,directions
can a bus get me to the statue of liberty,72,directions
what's the quickest way to a bank,72,directions
can you tell me where the nearest rest station to me is,72,directions
what's the direction for foot traffic to get to the eiffel tower,72,directions
assist me to know how to get to target by bus,72,directions
i need directions to get to olympia by bus,72,directions
what's the best way to get to my bank by walking,72,directions
how do i get to the college by bus,72,directions
take me to the nearest dairy queen,72,directions
is it possible to get to olympia by bus,72,directions
how to i get to the mall on foot,72,directions
what steps do i need to take to take a bus to detroit,72,directions
what's the nearest starbucks,72,directions
the definition of affiliate is,139,definition
tell me what flange means,139,definition
"what is the meaning of word ""rescind",139,definition
what is the definition of didactic,139,definition
what is stupedous meant,139,definition
what is the meaning of stupendous,139,definition
"is ""rescind"" a word of positive connotation",139,definition
definition of anachronism,139,definition
whats the definition of poor,139,definition
can you tell me the definition of sucrose,139,definition
what is the meaning of interorganizational,139,definition
what does the word ataraxy mean,139,definition
i need to know what adumbrate means can you look it up for me now,139,definition
what's the meaning of a fortnight,139,definition
define ataraxy,139,definition
what is an ataraxy,139,definition
i want to know what the word discomfit means,139,definition
what is the meaning of the word lux,139,definition
what does alternative mean,139,definition
whats the definition of transmute,139,definition
affiliate's definition is what,139,definition
what is the meaning of telepathy,139,definition
what's the definition of patriarchy,139,definition
exactly what does altruism mean,139,definition
what is break a leg mean,139,definition
define zesty,139,definition
find out what the word abrogate means for me,139,definition
find what the word diaphanous mean please,139,definition
what is the meaning of realism,139,definition
flange means what,139,definition
what does tertiary mean,139,definition
what does deceive mean,139,definition
what is the definition of flange,139,definition
give me the meaning of alternative,139,definition
tell me what the word arboreal means,139,definition
what is regard mean,139,definition
what does altruism mean,139,definition
what is the definition of altruism,139,definition
look up zesty in dictionary,139,definition
use the word ataraxy in a sentence,139,definition
what does discretionary mean,139,definition
what does zesty mean,139,definition
let's hear the definition of iridium,139,definition
what's affiliate definition,139,definition
what is intercontinental mean,139,definition
what does ataraxy mean,139,definition
what does saffron mean,139,definition
give me the definition of ajar,139,definition
definition of affiliate is what,139,definition
can you tell me the definition of yttrbium,139,definition
what are the ways i can transfer my 401k,100,rollover_401k
what do i need to do to rollover my 401k,100,rollover_401k
"i have a new job, help me with my 401k rollover",100,rollover_401k
i need help to roll over my 401k,100,rollover_401k
i have to roll over my 401k to a new account and i don't know how,100,rollover_401k
what's up with my 401k and will it roll over,100,rollover_401k
i jot got hired and need help with my retirement account,100,rollover_401k
i need to know if it is possible to rollover my 401k,100,rollover_401k
i just switched jobs and need a 401k rollover,100,rollover_401k
how can i rollover my 401k at my new job,100,rollover_401k
i desperately need to rollover my 401k somehow,100,rollover_401k
can you instruct me on how to rollover my 401k,100,rollover_401k
will you help me figure out how to transfer my 401k,100,rollover_401k
i need to transfer my 401 k,100,rollover_401k
walk me through the process of transferring my 401k,100,rollover_401k
explain to me how to rollover my 401k,100,rollover_401k
can you assist me rolling over a 401k for a new job,100,rollover_401k
"i need to get some assistance figuring out how i can rollover my 401k, please",100,rollover_401k
i have to transfer my 401k but i don't know how to do it,100,rollover_401k
i need help with my 401k rollver since i got a new job,100,rollover_401k
"now that i have a new job, i need getting my 401k rolled over",100,rollover_401k
i have a new job and need direction with my 401k rollover,100,rollover_401k
i just got this new job but i need help with my 401k rollover,100,rollover_401k
"i need assistance figuring out how to rollover my 401k, please",100,rollover_401k
is there a way to transfer my 401k,100,rollover_401k
help me roll over my 401k,100,rollover_401k
what are the steps for transferring my 401k,100,rollover_401k
i could use some help transfering my 401k,100,rollover_401k
"who do i go to, to transfer my 401k",100,rollover_401k
look up whether my 401k may be rolled over,100,rollover_401k
i just changed jobs and need help with my 401k rollover,100,rollover_401k
i nee to know how to transfer my 401k,100,rollover_401k
i just started this new job and need help with my 401k rollover,100,rollover_401k
could you roll over my 401k for me,100,rollover_401k
explain to me how transferring my 401k works,100,rollover_401k
ways to transfer my 401k,100,rollover_401k
i need to get some assistance figuring out how to rollover my 401k,100,rollover_401k
can you help me with my 401k rollover since i got a new job,100,rollover_401k
can a 401k be rolled over,100,rollover_401k
could you walk me through transfering my 401k,100,rollover_401k
i want help rolling over my 401k,100,rollover_401k
transfer my 401k please,100,rollover_401k
i have a new job now and need help with rolling over my 401k,100,rollover_401k
i recently got a new job and need assistance with my 401k rollover,100,rollover_401k
i'd like my 401k to be rolled over,100,rollover_401k
"i got a new job, can you help me with my 401k rollover",100,rollover_401k
how do i relocate my 401k,100,rollover_401k
where do i go the transfer my 401k,100,rollover_401k
walk me through on how to roll over my 401k,100,rollover_401k
will my 401k rollover or not,100,rollover_401k
am i approved for vacation yet,101,pto_request_status
i'm i okayed for vacation time,101,pto_request_status
have i been approved for vacation yet,101,pto_request_status
update on vacation request,101,pto_request_status
i requested some vacation time; has it been approved,101,pto_request_status
tell me the status of my day off request,101,pto_request_status
has my request for the day off been approved yet,101,pto_request_status
"on my vacation request, what is the latest information",101,pto_request_status
check on the status of my vacation request please,101,pto_request_status
whats going on with my day off request,101,pto_request_status
any news for me regarding my day off request,101,pto_request_status
how is my vacation request looking,101,pto_request_status
has my vacation request been approved,101,pto_request_status
do you know if my vacation was approved yet or not,101,pto_request_status
could you tell me what the status of my day off request is,101,pto_request_status
is the request for vacation i filed with my manager at intel approved yet,101,pto_request_status
has my time off request been approved yet,101,pto_request_status
has my vacation time been signed off on,101,pto_request_status
i want to check on my vacation request,101,pto_request_status
tell me about my vacation request,101,pto_request_status
has anyone looked over my request for a day off,101,pto_request_status
what's my day off request's status,101,pto_request_status
has my day off request been approved or denied yet,101,pto_request_status
is walmart going to let me take the vacation time i asked for,101,pto_request_status
would you tell me what the status of my day of request is,101,pto_request_status
please inform me on my current vacation request status,101,pto_request_status
what is the update on my vacation request,101,pto_request_status
is my vacation approved yet,101,pto_request_status
i need to know if my vacation was approved,101,pto_request_status
give me the status of my vacation request,101,pto_request_status
can you share the status of my day off request,101,pto_request_status
"i haven't heard if my request for time off for vacation has been approved , can you get an update for me",101,pto_request_status
has my manager at mcdonald's confirmed i can take vacation,101,pto_request_status
what about my vacation request,101,pto_request_status
what is the status of my vacation request,101,pto_request_status
did i get my day off,101,pto_request_status
"the status of my day off request, please",101,pto_request_status
i need you to let me know what the status of my day off request is,101,pto_request_status
did they approve my day off request,101,pto_request_status
has my vacation been approved yet,101,pto_request_status
what is the current status of my vacation request,101,pto_request_status
do you know if my vacation request has been approved,101,pto_request_status
has my vacation request been approved yet,101,pto_request_status
did you get confirmation my vacation is a go,101,pto_request_status
tell me the status of my vacation request,101,pto_request_status
has the status of my vacation request changed,101,pto_request_status
status of my request for vacation,101,pto_request_status
have they recieved my vacation request and approved it,101,pto_request_status
have they authorized my vacation,101,pto_request_status
did you hear back about my day off request,101,pto_request_status
i really want to confirm that i have a reservation at red robin for josh,85,confirm_reservation
confirm my reservation for red robin at 8,85,confirm_reservation
i need to confirm that i have a reservation at red robin for josh,85,confirm_reservation
do i still have the reservation on march 21 at 8pm,85,confirm_reservation
can you confirm my reservation for kevin at red robin,85,confirm_reservation
verify that my reservations at won wons for joe lee are good,85,confirm_reservation
can you confirm i have a reservation at 5 pm on march 13th,85,confirm_reservation
can you confirm my reservation for chillis at 8:00,85,confirm_reservation
i really need you to confirm my reservation for kevin at red robin,85,confirm_reservation
will you check there is a reservation for laura at black pearl,85,confirm_reservation
can you confirm my reservation for 6 pm on the 13th of february,85,confirm_reservation
please confirm my reservation for april 1st at 9am,85,confirm_reservation
confirm my reservation at dino's at 6 pm,85,confirm_reservation
please confirm my reservation for red robin at 9,85,confirm_reservation
can you check that i have a reservation on february 28th for 3 in the afternoon,85,confirm_reservation
does taco house have a reservation for jean,85,confirm_reservation
check and confirm reservations at ruth chris for carol lee,85,confirm_reservation
verify that i have reservations at chilis for john doe,85,confirm_reservation
do i have reservations at creme at 7 pm,85,confirm_reservation
i would like you to confirm my reservation for next saturday at 11 am,85,confirm_reservation
can you confirm my reservation for minnis at 4:00,85,confirm_reservation
please confirm my reservation for kevin at red robin,85,confirm_reservation
can you assure me i have a table at taco bell at 7pm,85,confirm_reservation
make sure my reservation is happening for john at olive garden,85,confirm_reservation
i would like to try and confirm that i have a reservation at hu hot for paulie,85,confirm_reservation
can you confirm my reservation for 8 pm on the 7th of november,85,confirm_reservation
i would like to try and confirm that i have a reservation at macaroni grill for saul,85,confirm_reservation
i would like to try and confirm that i have a reservation at chili's for jamie,85,confirm_reservation
"confirm a reservation for nicole brown at diangelo's at 6:45 pm, please",85,confirm_reservation
will you please confirm my reservation for march 11 at 6:30 pm,85,confirm_reservation
i'd like to confirm my reservation for 2/20 at 8 pm,85,confirm_reservation
i would like to try and confirm that i have a reservation at chili’s for melinda,85,confirm_reservation
i wanna try and confirm that i have a reservation at red robin for josh,85,confirm_reservation
can you verify mike has a reservation at black rock at 6 pm,85,confirm_reservation
double check my reservation under adam for outback steakhouse,85,confirm_reservation
can you confirm my reservation for applebees at 2:00,85,confirm_reservation
i'd like to confirm that i have a reservation at red robin for josh,85,confirm_reservation
please confirm my reservation for feburary 21st at 6pm,85,confirm_reservation
do you know if my reservation for dono is confirmed at 8 pm,85,confirm_reservation
confirm my taco house reservation for jean,85,confirm_reservation
i would like to try and confirm that i have a reservation at la palapa for bolding,85,confirm_reservation
i wanna confirm my reservation for 2/20 at 8 pm,85,confirm_reservation
i would like for you to confirm my reservation for red robin at 5 pm,85,confirm_reservation
please confirm i have a reservation for 2 pm on february 21st,85,confirm_reservation
i would like to try and confirm that i have a reservation at houlihan’s for mike,85,confirm_reservation
can you check that there's a reservation for mark at sidetracks,85,confirm_reservation
please confirm my reservation for march 8th at 12:00,85,confirm_reservation
can you verify my reservation under steve for friendly's,85,confirm_reservation
please tell me if my reservation is scheduled for sally's at 3 pm,85,confirm_reservation
is my 10am village inn reservation valid,85,confirm_reservation
help me figure out when exactly my credit card will be expiring,44,expiration_date
what date does my capital one card expire,44,expiration_date
what is the month that my card is set to expire in,44,expiration_date
when do i have to renew my card so it doesn't expire,44,expiration_date
tell me the expiration date for my current credit card,44,expiration_date
does my credit card expire soon,44,expiration_date
how long will it be until my visa card expires,44,expiration_date
could you look up the date that my credit card is set to expire,44,expiration_date
during what month will my card's expiration date fall on,44,expiration_date
tell me the expiry date of my credit card,44,expiration_date
i need to know when my card is set to expire please,44,expiration_date
when will my american express credit card expire,44,expiration_date
how many more days before my credit card expires,44,expiration_date
how long until my visa expires,44,expiration_date
whats the expiration date on my credit card,44,expiration_date
when's my visa card expiring,44,expiration_date
how long until my mastercard expires,44,expiration_date
when does my discover card expire,44,expiration_date
what is the expiration date on my credit card,44,expiration_date
what is the expiration date of my current card,44,expiration_date
tell me the expiry month of my card,44,expiration_date
tell me the month that my credit card will expire,44,expiration_date
can you tell me what date my credit card expires,44,expiration_date
please look up my card's expiration date,44,expiration_date
can you tell me if my credit card expires in the near future,44,expiration_date
how long is it until my credit card expires,44,expiration_date
on what month and year does my card expire,44,expiration_date
what is the expiry date of my credit card,44,expiration_date
when will my discovery card expire,44,expiration_date
is my credit card expiring soon,44,expiration_date
can you check when my visa card expires,44,expiration_date
what date will my hy-vee card need to be renewed,44,expiration_date
when is my credit card going to expire,44,expiration_date
will you please confirm the month that my card expires,44,expiration_date
how much time do i have before my credit card expires,44,expiration_date
how many days until my amex card reaches it expiration date,44,expiration_date
on what date does my visa card expires,44,expiration_date
can you check the expiration date for my amex card,44,expiration_date
can you tell me the expiration date for my mastercard,44,expiration_date
how long is it going to be until my card expires,44,expiration_date
which month is the one in which my card expires,44,expiration_date
how soon does my visa card expire,44,expiration_date
what's the expiry month of my card,44,expiration_date
please let me know when i need to renew my credit card,44,expiration_date
can you find out for me when my credit card will be expiring,44,expiration_date
what is the expiration date on my card,44,expiration_date
what's the last date i can use my credit card,44,expiration_date
how long is the validity of my credit card,44,expiration_date
what's the month that my card expires,44,expiration_date
do i need a new card yet,44,expiration_date
what is the caloric value of a cookie,135,calories
i need to know the calorie content in a piece of pepperoni pizza,135,calories
how many calories are in a piece of bacon,135,calories
what is the calorie content of a scoop of chocolate ice cream,135,calories
what is the calorie count for one cookie,135,calories
how many calories does a kitkat have,135,calories
calorie count of cheetos,135,calories
how many calories are in vanilla ice cream,135,calories
what is the calorie content of a small bag of lay's potato chips,135,calories
can you tell me the calories for the cheeseburger,135,calories
what's the calorie info for 2 cups of regular chex mix,135,calories
how many calories are in chocolate cake,135,calories
are there a lot of calories in muffins,135,calories
what about the calories for this chicken salad,135,calories
tell me the calorie content for an apple,135,calories
what's the calorie content of cheetos,135,calories
what's the caloric content of an apple,135,calories
what's the expected calorie load of a peanut butter and jelly sandwich,135,calories
what does a sausage sandwich have for calories,135,calories
what's the number of calories in a coke,135,calories
what's the amount of calories in an cream filled oatmeal cookie,135,calories
tell me the calorie content of an apple,135,calories
what's the number of calories in a pepsi,135,calories
i need to know the calorie count of a bacon cheeseburger,135,calories
how many calories are in chicken breast,135,calories
how many calories should i plan to be in a donut,135,calories
how many calories are in a honey bun,135,calories
can you provide me the calories in the smoothie,135,calories
i want the calorie content for a banana,135,calories
give me expected number of calories in a breakfast burrito,135,calories
whats the calorie content of oatmeal,135,calories
what is the calorie count in a cookie,135,calories
how many calories are in waffles,135,calories
how many calories are in cookies,135,calories
how many calories does a big mac have,135,calories
what type of calorie numbers are in onions,135,calories
what's a big bowl of ice cream contain in calories,135,calories
how many calories in this slice of pizza,135,calories
how many calories are in a large fry,135,calories
how many calories do cheetos have,135,calories
how high in calories is pork,135,calories
how many calories does a scoop of chocolate ice cream contain,135,calories
what's the caloric content if you eat roast beef,135,calories
what is the calorie count for muffins,135,calories
how many calories are in a can of coke,135,calories
how many calories in scoop of chocolate ice cream,135,calories
do cheetos have a lot of calories,135,calories
how many calories are in a cookie,135,calories
i need to know the total calories for a chicken caesar salad,135,calories
tell me the amount of calories in muffins,135,calories
can you set a timer for me,32,timer
please set a timer for,32,timer
please set a timer for 6 minutes,32,timer
alert me in 20 minutes,32,timer
create a timer for me,32,timer
i need you to set a time,32,timer
"i'm cooking an egg, timer for 3 mins",32,timer
please run a timer for me,32,timer
will you set the timer,32,timer
set a timer to go off in 5 minutes,32,timer
timer 10 minutes,32,timer
set a ten second timer,32,timer
set the timer for me please,32,timer
want 5 minute timer,32,timer
let's get a timer set for 5 minutes,32,timer
set a seven minute timer,32,timer
i want a 10 minute timer,32,timer
please set a timer for 40 minutes,32,timer
start the timer now and stop at thirty minutes,32,timer
can you please the timer,32,timer
timer for 5 minutes,32,timer
set a new timer for ten seconds,32,timer
i must set a timer,32,timer
set a five minute timer please,32,timer
i want to set a timer,32,timer
set a timer for twelve seconds,32,timer
i would like a timer set,32,timer
make a timer for 5 minutes,32,timer
set a brand new timer for eight seconds,32,timer
set a timer for two hours,32,timer
set an alarm for nine minutes from now,32,timer
can you set a two hour timer,32,timer
i need a 10 minute timer,32,timer
"""please set 5 minute timer",32,timer
set a six minute timer,32,timer
"please, can you set the timer for me",32,timer
i need you to set timer for me,32,timer
let me know in 15 minutes please,32,timer
lets set a timer for me,32,timer
10 minute timer,32,timer
set a timer for 35 minutes,32,timer
start a timer for two minutes,32,timer
you need to set the timer for me,32,timer
i need to set the timer for two minutes,32,timer
i gotta set a timer,32,timer
set 30 minute timer,32,timer
start a timer for me,32,timer
wake me in an hour,32,timer
count down 10 minutes,32,timer
set a five minute timer,32,timer
how can i send money from one account to another,133,transfer
transfer $500 from my checking to my savings,133,transfer
transfer $20000 from my savings account to checking account,133,transfer
i need to transfer from this account to that one,133,transfer
i would like to transfer $5 from savings to checking,133,transfer
please transfer $100 from my checking to my savings account,133,transfer
send my money between accounts,133,transfer
take $40 from account a and transfer it to account b,133,transfer
help me transfer $x from credit to debit,133,transfer
i need to throw some money into that other account,133,transfer
i want you to send ten dollars from bank of america to capital one,133,transfer
make a transfer of $200 from my savings account to my checking account,133,transfer
let's send some money to another account,133,transfer
transfer 100 dollars between checking and savings,133,transfer
what is the process to move money from one account to another,133,transfer
put $20000 into my checking account from my savings account,133,transfer
send 400 dollars between city bank and usaa accounts,133,transfer
transfer fifty dollars between my chase and bank of america account,133,transfer
can you transfer money from my account,133,transfer
send 50 dollars between bank of america and chase accounts,133,transfer
help me move my money please,133,transfer
can we wire some money over to the other account i have,133,transfer
take $20000 from savings and put it in checking,133,transfer
transfer $10 from checking to savings,133,transfer
transfer 100 dollars checking to savings,133,transfer
send 2000 dollars between chase and rabobank accounts,133,transfer
put $40 from account a to b,133,transfer
i would like to make a transfer,133,transfer
i have to transfer ten dollars from my bank of america account to my capital one account,133,transfer
i need you to send 500 dollars from my high tier account to my regular checking account,133,transfer
send money from one account to another,133,transfer
transfer money from one place to another,133,transfer
i need to transfer ten dollars from my bank of america account to my capital one account,133,transfer
please transfer my funds,133,transfer
move $40 from account b to account a,133,transfer
can i initiate a one-time transfer from my savings account to my money market account,133,transfer
please switch $s checking to mortage,133,transfer
deposit ten bucks from my chase account to my ally account,133,transfer
please transfer 100 dollars between my amazon payments and savings accounts,133,transfer
move 100 dollars from checking to savings,133,transfer
send money to another account,133,transfer
transfer two hundred dollars between my portfolio and my money market account,133,transfer
send 100 dollars from checking to savings,133,transfer
transfer $500 from my money market savings account to my checking account,133,transfer
send $5 from savings to checking,133,transfer
take $40 and transfer it to account a from b,133,transfer
i need to move money from one account to another,133,transfer
i need ten dollars sent from b of a to washington mutual,133,transfer
i want seventy bucks transferred from b of a to chase,133,transfer
i need my money to be moved,133,transfer
"can you find me a flight from portland, oregon to portland, maine for under $500 on delta",63,book_flight
i'm looking for a roundtrip flight from afw to dgb for tomorrow until next week,63,book_flight
could you check and let me know roundtrip flights from dallas to houston for march 7 and march 20,63,book_flight
find me round trip flights out of lax to sfox,63,book_flight
"i need to get a flight out of my local airport to england on monday, the 23rd for under a grand",63,book_flight
book a flight from denver to austin on the 16th and returning on the 20th,63,book_flight
make delta reservation from madison to atlanta,63,book_flight
i want to find a roundtrip flight from philadelphia to sioux falls from august 3rd through august 25th,63,book_flight
could you make a flight reservation with air emirates from orlando to london,63,book_flight
get me a flight for tuesday on spiritcom to las vegas from chicago,63,book_flight
purchase a flight from slc to columbus on tuesday that returns on friday,63,book_flight
i am needing you to look up roundtrip flights form houston to miami for april 12 and april 15,63,book_flight
fly me from pit to pdx on delta for under $300,63,book_flight
book delta ticket madison to atlanta,63,book_flight
compare fares for al italia from bucharest to tampa returning before thanksgiving,63,book_flight
can you find me a roundtrip flight from orlando to austin for 3/28 to 4/5,63,book_flight
book a flight from bangor to las vegas on may 1st and returning july 4th,63,book_flight
i want to buy a plane ticket to travel from miami to honolulu on the 29th of february i need a return flight on march 5th,63,book_flight
i need a roundtrip flight for 5/2 to 5/8 from nyc to los angeles,63,book_flight
i'm looking for a roundtrip flight from fwa to hsv for march first to march fifth,63,book_flight
buy delta ticket madison to atlanta,63,book_flight
"i'm looking for a roundtrip flight from oma to sps august 1st, 2019 to august 2nd, 2019",63,book_flight
book me a flight out of la to chicago on march 3rd for under $500,63,book_flight
what's the cheapest fares from lax to sfo for round trip flights leaving april 1st and returning april 7th,63,book_flight
i need a flight from nyc to paris with delta,63,book_flight
could you get me a delta flight from sioux falls to philadelphia for under $400,63,book_flight
i want to book a flight from hawaii to new york on july 8th and returning on july 10th,63,book_flight
"for the dates april 1st to the 7th, find me round trip air tickets from la to sfo",63,book_flight
what southwest flights are there for lax to sfo arriving april 1st and returning april 7th,63,book_flight
book a flight from chicago to dc on monday and returning on wednesday,63,book_flight
would you give me available flights out of dallas to miami on june 8 for under $340,63,book_flight
search for a flight out of la to chicago on march 3rd for under $500,63,book_flight
i need to get a flight out of tampa to chicago in a month for under $123,63,book_flight
reserve me a flight from ft lauderdale to houston on southwest,63,book_flight
can you show me roundtrip flights from dallas to los angeles from march 2 to march 10,63,book_flight
i need you to get me a flight booked from houston to miami on united airlines,63,book_flight
book a flight from sacremento to tampa two weeks from now and returning a month after,63,book_flight
what airlines have flights round trip on april 1st to april 7th from lax to sfo,63,book_flight
cheapest fare for flight from tehran to new york on august 1 with return on august 20,63,book_flight
"book a flight from pensacola, fl to houston, tx on 17 february 2019 and returning on 7 march 2019",63,book_flight
i am needing to get a flight out of el paso to dallas on march 10 for under $300,63,book_flight
book a flight from seattle to dallas-fort worth on april the 1st and returning on april 5th,63,book_flight
look for a flight out of la to chicago on march 3rd for under $500,63,book_flight
i want a flight booked from new york to san francisco with continental,63,book_flight
book me a flight from o'hare to las vegas on deltacom,63,book_flight
"buy a flight from santa fe to jacksonville on new year's eve that returns on the fourth, please",63,book_flight
"book a flight from jacksonville, fl to atlanta, ga on 14 february 2019 and returning on 1 march 2019",63,book_flight
"buy a flight for me from nyc to la on march 1, returning on march 5",63,book_flight
"purchase a flight from fiji to san diego on november 1 that returns on december 1, please",63,book_flight
i need to get from jfk to dallas with united for under $500,63,book_flight
please change the ai name for me,55,change_ai_name
change the name of your system,55,change_ai_name
i'm going to start calling you kobe now,55,change_ai_name
i think bradley is a better name for you,55,change_ai_name
i want to update you name now,55,change_ai_name
i will call you zander,55,change_ai_name
change the ai name to a new one,55,change_ai_name
x will be your name,55,change_ai_name
your name will be queen,55,change_ai_name
i would like to change your name to eli,55,change_ai_name
please change the name of you to tim,55,change_ai_name
please respond to me when i reference skynet,55,change_ai_name
"from now on, your name will be buttercup",55,change_ai_name
"i want to change your name, please",55,change_ai_name
i am wanting to change your name to felix,55,change_ai_name
i'd like to use another name for you,55,change_ai_name
change your name to something funny,55,change_ai_name
i want to start calling you marie,55,change_ai_name
rename yourself to betty,55,change_ai_name
can i refer to you as liz,55,change_ai_name
can i make your name different,55,change_ai_name
i want your new name to be joshua,55,change_ai_name
"from now, your new name will be lord vader",55,change_ai_name
i gotta change your name to remy,55,change_ai_name
i need to change your name to ben,55,change_ai_name
from now on i'm going to call you ishmael,55,change_ai_name
can i change your name to buttercup,55,change_ai_name
can i start calling you chris,55,change_ai_name
can i change your name to bob,55,change_ai_name
i'd like to refer to you as my house from now on,55,change_ai_name
can i begin calling you dave,55,change_ai_name
x is what i am calling you now,55,change_ai_name
alter the name given to the ai,55,change_ai_name
i want to update you name,55,change_ai_name
make a new name for the ai,55,change_ai_name
you need to respond to a new name called joey,55,change_ai_name
let's change what you respond to,55,change_ai_name
can i rename you,55,change_ai_name
"if i may, i'd like to call you slave",55,change_ai_name
can i call you betty,55,change_ai_name
how can i change your name,55,change_ai_name
i want to start calling you bob,55,change_ai_name
"i need to change your name, do you have a new name that you like",55,change_ai_name
i want to change your name to another name,55,change_ai_name
change your name to ginger,55,change_ai_name
i'm going to start calling you alice,55,change_ai_name
i want to change the name i call you to juan,55,change_ai_name
can i change your name,55,change_ai_name
i'm calling you rupert from now on,55,change_ai_name
x is your new nickname,55,change_ai_name
tell me the apr on my mastercard,132,apr
what's the current apr for my mastercard,132,apr
get me the apr on my visa card,132,apr
what is the credit card apr if you could tell me,132,apr
what is my apr for my credit card,132,apr
"on my bank of america visa, what is the apr",132,apr
i'd like to know the apr on my visa card,132,apr
what is my apr,132,apr
can you look into whether my card has good apr or not,132,apr
"check the apr on my disney visa, please",132,apr
can you give me an appraisal of my card's apr,132,apr
is the apr rate on my amex pretty good,132,apr
i must know my visa card's apr,132,apr
give me the apr for my mastercard,132,apr
what will the apr on my transferred balance be after the first year on my bank of america credit card,132,apr
what is the credit card apr if you could fill me in,132,apr
what's the apr on my amex card,132,apr
fill me in on the apr for my american express card,132,apr
"on my wells fargo mastercard, what is the current apr",132,apr
i need the apr on my visa card,132,apr
tell me what my credit card's apr is,132,apr
what is the apr for the credit card,132,apr
"what's the apr on my amex card, please",132,apr
what's the apr of my discover card,132,apr
would you say that my card's apr is,132,apr
it would be great if you could tell me my credit card's apr,132,apr
would you please inform me about my credit card's apr,132,apr
how much do i pay in apr on my amex card,132,apr
tell me the apr of my credit card,132,apr
what's my apr on my discovery card,132,apr
is my apr for my credit card available,132,apr
what is the apr on my chase freedom card,132,apr
review of my card apr,132,apr
is my visa card's apr decent,132,apr
can you tell me the apr on my visa card,132,apr
"hey siri, tell me the apr on my disney visa",132,apr
give me information about my card's apr,132,apr
my visa card  what's the apr on that,132,apr
what's my apr on the card i recently used to make a purchase,132,apr
tell me how the apr on my hy-vee card is,132,apr
tell me my credit card apr,132,apr
this credit card's apr is what,132,apr
what is the credit card apr at the moment,132,apr
what is the apr for my credit card,132,apr
the apr on my visa card is what,132,apr
tell me the current apr on my visa card from bbt,132,apr
tell me how good the apr is on my card please,132,apr
what apr do i have with my credit card,132,apr
"my credit card's apr, please",132,apr
do you know my credit card's apr,132,apr
do they take reservations at arby's,9,accept_reservations
can you make reservations at hodak's,9,accept_reservations
do they take reservations at state bird,9,accept_reservations
do they take reservations at olive garden,9,accept_reservations
are reservations taken at redrobin,9,accept_reservations
how many culver's take reservations,9,accept_reservations
does black rock take reservations,9,accept_reservations
do they take reservations at the progress,9,accept_reservations
do they take reservations at bar tartine,9,accept_reservations
can you let me if zeus accepts reservations,9,accept_reservations
does marios in brooklyn take reservations,9,accept_reservations
can i make a reservation at michael's,9,accept_reservations
does mcdonalds take reservations,9,accept_reservations
does gramercy tavern in new york accept reservations,9,accept_reservations
does moes in la except rerservations,9,accept_reservations
can i make reservations at applebee's or no,9,accept_reservations
do you know if ruth chris does reservations,9,accept_reservations
does minnis take reservations,9,accept_reservations
do they take reservations at applebees,9,accept_reservations
what locations of applebee's take reservations,9,accept_reservations
can applebees take any reservations,9,accept_reservations
does tartine in san francisco take reservations,9,accept_reservations
can acero take reservation,9,accept_reservations
does bar tartine in san francisco take reservations,9,accept_reservations
does buffalo wild wings take reservations,9,accept_reservations
does michael's accept reservations,9,accept_reservations
do you know if cheese cake factory does reservations,9,accept_reservations
does cielo take reservations,9,accept_reservations
do they take reservations at bjs,9,accept_reservations
can i make a reservation at chevy's,9,accept_reservations
can i make a reservation for redrobin,9,accept_reservations
please find out if napolis takes lunch reservations,9,accept_reservations
do they accept reservations at michael's,9,accept_reservations
does arbys in lakewood take reservations,9,accept_reservations
does olive garden take reservations,9,accept_reservations
does chillis take reservations,9,accept_reservations
do you know if outback allows reservations,9,accept_reservations
does sidetracks take reservations,9,accept_reservations
do you know if olive garden does reservations,9,accept_reservations
is it possible to make reservations in advance for macaroni grill,9,accept_reservations
can you make a reservation at michael's,9,accept_reservations
does luigi's take reservations,9,accept_reservations
will they take reservations at torris,9,accept_reservations
does bjs take reservations,9,accept_reservations
does the restaurant michael's take reservations,9,accept_reservations
tell me if per se in nyc takes reservations,9,accept_reservations
does burger king accept reservations,9,accept_reservations
does minnies cafe in modesto take reservations,9,accept_reservations
does buffalo wild wings in concord take reservations,9,accept_reservations
can you tell me if ruby tuesday does reservations,9,accept_reservations
how many dollars can i exchange for 5000 rubles,38,exchange_rate
tell me the exchange rate of dollars to yen,38,exchange_rate
what is 56 dollars in yen,38,exchange_rate
how many dollars can i exchange for 10000 rubles,38,exchange_rate
what's 50 euro in dollars,38,exchange_rate
how many us dollars can i get for 20 euros,38,exchange_rate
500 dollars equals what in pesos,38,exchange_rate
whats euros kroner in 25,38,exchange_rate
can you tell me today's rate for cad to usd,38,exchange_rate
can you tell me the exchange rate for yen to euros,38,exchange_rate
how many dollars can i exchange for 200 pounds,38,exchange_rate
how many dollars can i exchange for 25 euros,38,exchange_rate
what is one dollar worth in mexico,38,exchange_rate
whats dollars won in 15,38,exchange_rate
how many euros can i exchange for 200 yen,38,exchange_rate
how much is 10 us dollars in canadian dollars,38,exchange_rate
how much can i expect to receive if i trade in 6 yens,38,exchange_rate
what is the equal number of dollars i can exchange for 50 pesos,38,exchange_rate
how many canadian dollars can i exchange for 200 yen,38,exchange_rate
what is the exchange to yen if i have 100 us dollars,38,exchange_rate
i wanna know the exchange rate between yen and dollars,38,exchange_rate
what's dollars yen in 10,38,exchange_rate
usd to yen is what right now,38,exchange_rate
what is 5 in yen and rubles,38,exchange_rate
what is the yen worth in terms of the peso,38,exchange_rate
what's the currency conversion between rubles and pounds,38,exchange_rate
how does 10 pounds convert to euros,38,exchange_rate
what is the quantity of dollars i receive for trading 6 yens,38,exchange_rate
how many pesos in one dollar us,38,exchange_rate
what's the exchange rate between dollars and pesos,38,exchange_rate
usd to the euro exchanges at what right now,38,exchange_rate
exchange rate between mexico and us,38,exchange_rate
i wanna know five dollars in yen and rubles,38,exchange_rate
what is the current exchange rate of yen to lira,38,exchange_rate
tell me five dollars in yen and rubles,38,exchange_rate
what is the current going rate for exchanging dollars for pesos,38,exchange_rate
what's 10 pounds in dollars,38,exchange_rate
what is the exchange rate between british pounds and yen,38,exchange_rate
is the dollar strong against the yen today,38,exchange_rate
how many pesos can i get for one dollar,38,exchange_rate
what is the exchange rate in pesos for 100 dollars,38,exchange_rate
tell me the exchange rate between rubles and dollars,38,exchange_rate
how much is 500 dollars in pesos,38,exchange_rate
how many dollars can i exchange for 10 yen,38,exchange_rate
tell me the currency conversion rate from kurus to euros,38,exchange_rate
what is the maximum dollars i can get for 6 yens,38,exchange_rate
tell me the exchange rate between dollars and pesos,38,exchange_rate
i would love to know the exchange rate between rubles and pounds,38,exchange_rate
dollar to pesos exchange rate,38,exchange_rate
how many pesos equals 500 dollars,38,exchange_rate
i want to pay that bill now,111,pay_bill
i gotta pay my cable bill,111,pay_bill
i need help to pay my electric bill,111,pay_bill
please tell me how to pay my gas bill,111,pay_bill
i need help paying my tuition bill,111,pay_bill
i wish to pay my cable bill,111,pay_bill
i would like to pay my cell phone bill,111,pay_bill
i want to pay my water bill,111,pay_bill
i'd like to pay my bill,111,pay_bill
i need help paying my water bill,111,pay_bill
use my savings account to the pay the rent,111,pay_bill
can anyone help me pay my car bill,111,pay_bill
pay my insurance bill,111,pay_bill
i need to pay my water bill,111,pay_bill
i need help paying my phone bill,111,pay_bill
i want to pay my rent bill,111,pay_bill
pay my internet bill with my discover account,111,pay_bill
pay my electric bill from my paypal account,111,pay_bill
are you able to help me pay my mortgage,111,pay_bill
i need help paying my electric bill,111,pay_bill
pay my gas bill from my saving account,111,pay_bill
i want to pay my tax bill,111,pay_bill
pay a bribe using my money market account,111,pay_bill
i need help paying my hoa bill,111,pay_bill
please pay electric bill,111,pay_bill
pay the red cross the monthly donation,111,pay_bill
i got to pay my cable bill,111,pay_bill
do a car payment from my savings account,111,pay_bill
is there anyone available to help pay an internet bill,111,pay_bill
i'd really like to pay this bill,111,pay_bill
pay the electric bill,111,pay_bill
please pay my bill,111,pay_bill
pay the cable bill with my visa card,111,pay_bill
"my water bill is due, pay it immediately",111,pay_bill
pay my water bill with my charles schwab account,111,pay_bill
i want to do a payment on my water bill,111,pay_bill
i need help paying my cable bill,111,pay_bill
i need to pay this month's tv subscription fee,111,pay_bill
can i pay my bill,111,pay_bill
pay my electric bill from my amex account,111,pay_bill
i need your help to pay my gas bill,111,pay_bill
go ahead and pay my american express bill now,111,pay_bill
i'd like to pay my coned bill,111,pay_bill
can you pay the bill now,111,pay_bill
use my checkings account to pay the electric bill,111,pay_bill
i want to pay my electric bill,111,pay_bill
i want to pay my insurance bill,111,pay_bill
pay my mortgage from my checkings accounts,111,pay_bill
pay my cable bill from my facebook account,111,pay_bill
can you give me a hand paying my water bill,111,pay_bill
what is the weather like in sparks right now,5,weather
what s the uv index tomorrow,5,weather
costa mesa weather,5,weather
what will the low temperatures be over the weekend,5,weather
what is the high temperature for tomorrow,5,weather
what's the highest chance of rain for today,5,weather
what is the weather going to be like tomorrow,5,weather
how hot will it be tomorrow,5,weather
how many of inches of snow did my hometown get last year,5,weather
what's the weather,5,weather
can you tell me the low tonight,5,weather
i need meteorological data for tallahassee,5,weather
what's the chance of rain on friday,5,weather
how cold will it be tomorrow,5,weather
will it snow this weekend,5,weather
is it going to rain tonight,5,weather
what are the conditions like in orlando,5,weather
how is the weather in seattle,5,weather
how cold is it going to be tonight,5,weather
what's it doing outside right now,5,weather
can you let me know if it will be warm this week,5,weather
what is the record high temperature for today,5,weather
what is the temp right now,5,weather
what is the weather going to be like,5,weather
is it going to rain today,5,weather
whats the forecast for the weather,5,weather
give me the 7 day forecast,5,weather
how's the weather,5,weather
what's the climate like in chicago,5,weather
"is it snowing right now in richmond, va",5,weather
can you give me info on miami weather,5,weather
is it snowing in the next two weeks,5,weather
how is the weather in miami,5,weather
what will the weather be like,5,weather
costa mesa current weather,5,weather
what will the weather be this weekend,5,weather
what's the current weather,5,weather
will it get over 90 degrees today,5,weather
tell me the weather report for tallahassee,5,weather
is it going to be sunny today,5,weather
how is it outside,5,weather
what are the conditions like in sarasota,5,weather
how much snow will we be getting tomorrow,5,weather
what is the weather report for seattle,5,weather
what are the weather conditions in seattle,5,weather
is it hot outside,5,weather
what is the temperature in costa mesa,5,weather
what's the weekend forecast,5,weather
what's the weather like right now,5,weather
weather,5,weather
how do i find my location right now,136,current_location
in the place i am what are my gps coordinates,136,current_location
please tell me my location using gps,136,current_location
what are my gps coordinates at this location,136,current_location
what's my current location,136,current_location
tell me my current location,136,current_location
check maps for my location,136,current_location
"can you find my location on the map, please",136,current_location
what are my gps coordinates right now,136,current_location
please tell me my current gps coordinates,136,current_location
what do i do to find my location,136,current_location
let me know my current location,136,current_location
can you direct me where to find where i am,136,current_location
what are the gps coordinates of this spot i am at right now,136,current_location
how can i locate where i am,136,current_location
what do i do to find my current location,136,current_location
give me my location on the map,136,current_location
how will i find my current location,136,current_location
at this location what are my gps coordinates,136,current_location
how do i know where i'm at,136,current_location
is there a way to get my current location,136,current_location
check out my location up on the map,136,current_location
can i have my current gps coordinates,136,current_location
"how do i find my location, please",136,current_location
i would like to know my current location,136,current_location
where am i located currently,136,current_location
what street am i on right now,136,current_location
list my current gps coordinates,136,current_location
i need to know my current gps coordinates,136,current_location
display my location on a map,136,current_location
"how do i find my present location right now, please",136,current_location
what are my longitude and latitude points,136,current_location
please show me where i am on a map,136,current_location
where am i right this moment,136,current_location
can you tell me how to figure out my current location,136,current_location
what is my current location that you see right now,136,current_location
my current location,136,current_location
how can i go about finding my location right now,136,current_location
how can i tell what my current location is,136,current_location
can you tell me my location,136,current_location
please tell me my current location,136,current_location
"where am i right now, location wise",136,current_location
i'm lost,136,current_location
please locate me on the map and show me,136,current_location
how shall i find my current location,136,current_location
i need to find out how i know my location right now,136,current_location
i do not know where i am,136,current_location
use the map and pinpoint my position,136,current_location
please give me my gps coordinates,136,current_location
help me find where i am,136,current_location
i advise you to quit talking,147,cancel
terminate current process,147,cancel
stop,147,cancel
i want you to cancel the current action,147,cancel
"what you are doing is not actually helpful, please cancel the action",147,cancel
shhhh,147,cancel
just shut up,147,cancel
mute,147,cancel
"that's enough, don't say anymore please",147,cancel
cancel that last command,147,cancel
"stop working on it, i need something else",147,cancel
"never mind, don't do that",147,cancel
i don't want you to speak any more for now,147,cancel
oh shut the hell up would you,147,cancel
"cancel my last request, i know the answer",147,cancel
can you end the task,147,cancel
refrain from talking,147,cancel
undo,147,cancel
"never mind, cancel that",147,cancel
can you cancel,147,cancel
"please cancel what you are doing, i've changed my mind",147,cancel
"nevermind, cancel that",147,cancel
no more talking,147,cancel
undo this process,147,cancel
don't continue with what you're doing,147,cancel
"ai, cancel that last request",147,cancel
halt,147,cancel
cancel action,147,cancel
quiet now,147,cancel
i would like you to stop what you were doing,147,cancel
can you stop speaking,147,cancel
abort running program,147,cancel
ai stop talking,147,cancel
halt the process,147,cancel
"ai, shut up",147,cancel
"i actually don't want this anymore, please abort",147,cancel
please cancel the input,147,cancel
stop and go back,147,cancel
i need you to stop talking now,147,cancel
abort,147,cancel
stop that,147,cancel
halt that immediately,147,cancel
please abandon the current job,147,cancel
cancel that,147,cancel
abort the current action,147,cancel
oops cancel that,147,cancel
could you stop talking for a second,147,cancel
don't do this process,147,cancel
"ai, stop talking",147,cancel
actually forget that i don't need it,147,cancel
how good are the ratings for outback,0,restaurant_reviews
how good are the ratings for the olive garden,0,restaurant_reviews
tell me the reviews for bjs,0,restaurant_reviews
look up the ratings for olive garden,0,restaurant_reviews
what are the ratings about at pho king,0,restaurant_reviews
what are reviews for ihop like,0,restaurant_reviews
what are the reviews like for la camelia,0,restaurant_reviews
does ihop have good reviews,0,restaurant_reviews
do people like the food at wendy's,0,restaurant_reviews
are there any negative reviews for wendy's,0,restaurant_reviews
has ruby tuesday got good reviews,0,restaurant_reviews
how good are the ratings for the french laundry,0,restaurant_reviews
how are the reviews for spaghetti at the olive garden,0,restaurant_reviews
how are the donuts reviews at tgi,0,restaurant_reviews
does chic-fil-a have good reviews,0,restaurant_reviews
can you tell me if eating at outback's any good,0,restaurant_reviews
does red robin have good reviews,0,restaurant_reviews
how good are the ratings for chez panisse,0,restaurant_reviews
do people like chipotle,0,restaurant_reviews
what are the reviews like for mission chinese,0,restaurant_reviews
tell me about the reviews for olive garden,0,restaurant_reviews
what are the reviews like at minnis,0,restaurant_reviews
does the mediterranean grille have good reviews,0,restaurant_reviews
tell me how good ihop's ratings are,0,restaurant_reviews
does buffalo wild wings have good reviews,0,restaurant_reviews
are the chili's reviews any good,0,restaurant_reviews
does wendy's have good reviews,0,restaurant_reviews
does the bleu olive have decent reviews,0,restaurant_reviews
are the reviews good or bad for burger king,0,restaurant_reviews
how good are the ratings for pizza hut,0,restaurant_reviews
let me know how the outback steakhouse reviews are,0,restaurant_reviews
are the reviews for applebee's good,0,restaurant_reviews
what do people say about village inn,0,restaurant_reviews
are there any positive reviews for wendy's,0,restaurant_reviews
how good are the ratings for peter luger steakhouse,0,restaurant_reviews
does mcdonalds have good reviews,0,restaurant_reviews
pull up the ratings for macaroni grill,0,restaurant_reviews
how good are the ratings for chic-fil-a,0,restaurant_reviews
i want to know how the mcdonalds reviews are,0,restaurant_reviews
at yakamoto how is their sushi,0,restaurant_reviews
does longhorn steakhouse have good reviews,0,restaurant_reviews
what's the reviews have to say about burger king,0,restaurant_reviews
does pizza hut have good reviews,0,restaurant_reviews
does applebee's have good reviews,0,restaurant_reviews
how are the burgers at carl jr's,0,restaurant_reviews
is the sushi well-received at yakamoto,0,restaurant_reviews
what reviews does miyabi have,0,restaurant_reviews
how's the sausage pizza at pizza hut,0,restaurant_reviews
what are the reviews like for bar tartine,0,restaurant_reviews
what kind of reviews does wendy's have,0,restaurant_reviews
"how do i update my pin number for my account, please",89,pin_change
how do i change my pin for number for my abc bank account,89,pin_change
i cannot remember what my pin is for my bank of america checking account,89,pin_change
i want to change my pin number for my checking account,89,pin_change
i forgot my pin number for my northfield account,89,pin_change
switch my amex pin to 1234,89,pin_change
i seem to have lost the pin for my retirement account,89,pin_change
i would like to change the pin on my savings account,89,pin_change
help me change my pin number for my money market account,89,pin_change
i need you to change the pin on my bank of america account to be 1234,89,pin_change
i need to change my pin number for my savings account,89,pin_change
change the pin on my bank account first republic to 1234,89,pin_change
i cannot recall the pin for my savings account,89,pin_change
i need to reset my pin number,89,pin_change
i would like to change my pin number for my chase account,89,pin_change
i'm afraid i've forgotten the pin for my 401k account,89,pin_change
i must change my pin number for my account,89,pin_change
i gotta change my pin number for my debit account,89,pin_change
i would like to replace the pin number for my retirement account,89,pin_change
i need help changing my pin,89,pin_change
i really cannot remember what my pin is for my bank of america checking account,89,pin_change
i forgot the pin number for my college fund account,89,pin_change
change the pin on my chase account to be 1234,89,pin_change
tell me how to retrieve my pin number,89,pin_change
is there a way to get my pin number,89,pin_change
change my amex pin to 1234,89,pin_change
please change my retirement account pin number to 1234,89,pin_change
change the pin on my bofa account to 3892,89,pin_change
help me change my pin number,89,pin_change
i got to change my pin number for my account,89,pin_change
"i'd like to change the pin on my savings account, please",89,pin_change
change my amex account pin to 1234,89,pin_change
is there a way to change my pin number for my savings account,89,pin_change
swap my amex pin to 1234,89,pin_change
can you change my 1st national account pin to 4892,89,pin_change
i want a new pin for my savings account,89,pin_change
change the pin on my capital one account to be 1234,89,pin_change
i wanna change my pin number for my credit acount,89,pin_change
can you tell me my password checking account,89,pin_change
i cannot remember what my pin is for my bank of america checking account this moment,89,pin_change
please tell me my pin number for my synovus account,89,pin_change
i need to change my pin number for my checking account,89,pin_change
i'd like to change my pin number for my savings account,89,pin_change
can you reset my pin number,89,pin_change
"i would like to change the pin on my savings account, please",89,pin_change
please change my checking account pin to 1234,89,pin_change
set up a new pin number on my college fund account and make it be 1234,89,pin_change
"help me, i forgot my pin number",89,pin_change
change the pin on my bank of america account to be 1234,89,pin_change
i am unable to remember what my pin is for my bank of america checking account,89,pin_change
"was a hold placed on my wells fargo account, and if so why",2,account_blocked
"there's a hold on my chase account, but why",2,account_blocked
what would cause my bank account to be frozen,2,account_blocked
why is my account locked,2,account_blocked
"help, my account is blocked",2,account_blocked
why am i locked out of my bank account,2,account_blocked
why don't i have access to my bank account,2,account_blocked
why cannot i take any money out from my bank account,2,account_blocked
why did my bank account freeze,2,account_blocked
can you explain why there is a hold on my savings account,2,account_blocked
why does my credit union account have a hold on it,2,account_blocked
what reason could the bank have had for blocking my account,2,account_blocked
why is there a hold on my charles swab account,2,account_blocked
check for why is my bank account frozen,2,account_blocked
do you know why i can't log into my bank account,2,account_blocked
help me unblock my account,2,account_blocked
why am i seeing a hold on my boa account,2,account_blocked
who can i talk to right away about the current freeze on my account,2,account_blocked
why is there a block on my account,2,account_blocked
what is the reason for frozen status on my bank account,2,account_blocked
my capital one account has a hold; why,2,account_blocked
why am i seeing a hold on my charles schwab account,2,account_blocked
i am confused because my account seems to have been blocked for no reason,2,account_blocked
why does my visa account have a hold on it,2,account_blocked
why can't i access my bank account,2,account_blocked
"my account has a hold on it and i can't access my funds, why",2,account_blocked
can you find out what triggered a hold on my bank account,2,account_blocked
can you find out why is my bank account frozen,2,account_blocked
why isn't it letting me into my bank account,2,account_blocked
why is there a hold on my american saving bank account,2,account_blocked
why is my bank account blocking me,2,account_blocked
"help me please, my account is blocked",2,account_blocked
please let me into my bank account,2,account_blocked
i think my account is blocked but i do not know the reason,2,account_blocked
can i talk to someone about why there is a hold on my checking account,2,account_blocked
what is the reason i am locked out of my bank account,2,account_blocked
can you tell me why is my bank account frozen,2,account_blocked
how is it possible that my account has been frozen,2,account_blocked
i'm confused about the reason for my bank account being frozen,2,account_blocked
why would the bank have frozen my account,2,account_blocked
why is my account blocked,2,account_blocked
can you tell me why there's a hold on my mutualone account,2,account_blocked
i think my account is block but i am not sure why,2,account_blocked
why is there a hold on my discover account,2,account_blocked
"my account is blocked, help me figure out why",2,account_blocked
why was a hold placed on my wells fargo account,2,account_blocked
how come a hold was placed on my 401k account,2,account_blocked
why would a hold have been placed on my checking account,2,account_blocked
i am very confused about why or how my bank would lock me out of my account,2,account_blocked
i think my account is blocked,2,account_blocked
what things do you do for fun,15,what_are_your_hobbies
can you tell me about your hobbies,15,what_are_your_hobbies
what are your favorite hobbies to take part in,15,what_are_your_hobbies
tell me what you do in your free time,15,what_are_your_hobbies
what types of hobbies do you enjoy,15,what_are_your_hobbies
what sorts of things do you do to have a good time,15,what_are_your_hobbies
what are you hobbies,15,what_are_your_hobbies
what do you like to do when you're not working,15,what_are_your_hobbies
what do you do for fun,15,what_are_your_hobbies
what other hobbies do you enjoy,15,what_are_your_hobbies
what hobbies do you like,15,what_are_your_hobbies
do you enjoy any hobbies,15,what_are_your_hobbies
what things do you enjoy doing,15,what_are_your_hobbies
what's your hobbies,15,what_are_your_hobbies
what do you do in your down time,15,what_are_your_hobbies
what sorts of hobbies do you enjoy,15,what_are_your_hobbies
what do you do in your free time,15,what_are_your_hobbies
what are your favorite hobbies,15,what_are_your_hobbies
what are the things you like to do for fun,15,what_are_your_hobbies
can you tell me some of your hobbies,15,what_are_your_hobbies
please share your hobbies with me,15,what_are_your_hobbies
what are ai's hobbies,15,what_are_your_hobbies
so what sort of hobbies are you into,15,what_are_your_hobbies
what hobbies do you do,15,what_are_your_hobbies
let's talk about your hobbies,15,what_are_your_hobbies
"what do you do when you're not working, for fun",15,what_are_your_hobbies
what are some things that you enjoy,15,what_are_your_hobbies
what you do at the free time,15,what_are_your_hobbies
what kinds of things are you into,15,what_are_your_hobbies
do you have anything you enjoy to do,15,what_are_your_hobbies
what things do you like to do,15,what_are_your_hobbies
might you have any hobbies,15,what_are_your_hobbies
what hobbies do you like to partake in,15,what_are_your_hobbies
what sort of things do you enjoy,15,what_are_your_hobbies
what sorts of things do you do for fun,15,what_are_your_hobbies
what's your favorite hobby,15,what_are_your_hobbies
do you have any hobbies,15,what_are_your_hobbies
what do you do for hobbies,15,what_are_your_hobbies
what keeps you busy in your free time,15,what_are_your_hobbies
what kinds of activities do you enjoy,15,what_are_your_hobbies
share some of your hobbies with me,15,what_are_your_hobbies
what sort of things do you or work on for fun when you have extra time,15,what_are_your_hobbies
what do you enjoy doing while not working,15,what_are_your_hobbies
any hobbies,15,what_are_your_hobbies
what do you do to occupy your free time,15,what_are_your_hobbies
what are your favorite activities,15,what_are_your_hobbies
what do you do when you're not working,15,what_are_your_hobbies
what hobbies do you like doing,15,what_are_your_hobbies
what do you like to do for fun,15,what_are_your_hobbies
what sort of hobbies are you into,15,what_are_your_hobbies
give me instructions on how to change the oil in my car,3,oil_change_how
what way can i change oil at home,3,oil_change_how
i need step by step instructions on how to change the oil in my car,3,oil_change_how
what kind of oil do i need to change the oil in my car,3,oil_change_how
is it easy to change the oil in my car,3,oil_change_how
how do i choose the correct oil and how do i change it,3,oil_change_how
what do i need to change my oil,3,oil_change_how
do i need any tools to change the oil in my car,3,oil_change_how
how do i change the oil in a car,3,oil_change_how
how do i change my oil and choose the right oil,3,oil_change_how
i want to practive changing oil,3,oil_change_how
i need to know how to change my oil,3,oil_change_how
what kind of oil do i need to use for my car,3,oil_change_how
help me change my oil and what kind do i need,3,oil_change_how
how do i change a car's oil,3,oil_change_how
i want to learn how to change the oil in my car,3,oil_change_how
what is needed to change my oil,3,oil_change_how
what are the procedures for changing my oil,3,oil_change_how
show me how to change my oil,3,oil_change_how
what are the steps to change the oil in my car,3,oil_change_how
i need to change my oil and have no idea how to do it,3,oil_change_how
i can't change my oil and don't know what kind i need,3,oil_change_how
i want manual on how to change oil,3,oil_change_how
can you find instructions on how to change oil in a car,3,oil_change_how
"i want to change my oil if you can tell me what to do, and what kind do i get",3,oil_change_how
can you tell me the steps to change the oil in my car,3,oil_change_how
give me instructions on how to change my oil,3,oil_change_how
i want to change the oil in my car,3,oil_change_how
"can you assist with an oil change, and what type of oil do i get",3,oil_change_how
i want a lesson on changing my oil,3,oil_change_how
how do you change car oil,3,oil_change_how
what kind of oil should i use for my current car,3,oil_change_how
what do i need in order to change my oil,3,oil_change_how
how can my oil be changed in my car,3,oil_change_how
how do i change the oil for my car,3,oil_change_how
how do i change my oil with the correct type,3,oil_change_how
walk me through changing the oil on a tesla,3,oil_change_how
give me instructions for changing the oil in a 2015 passat,3,oil_change_how
give me instructions to change my oil,3,oil_change_how
what is the way i can change my oil,3,oil_change_how
i need to know how to change my car's oil,3,oil_change_how
give me manual on how to change oil,3,oil_change_how
tell me the procedure for changing oil in a car,3,oil_change_how
i intend to learn how to change oil in my car,3,oil_change_how
i want to learn the process of changing oil,3,oil_change_how
i should use what kind of oil and can you help me change it,3,oil_change_how
how do i change the oil in my passat,3,oil_change_how
tell me how to change the oil in 2014 odyssey,3,oil_change_how
find instructions on how to change my oil,3,oil_change_how
can you tell me how to change the oil in my car,3,oil_change_how
set up a reminder to give the cat her flea medicine,53,reminder_update
tell me to take out the trash in an hour,53,reminder_update
make me a reminder that tommorow is trash day,53,reminder_update
set a reminder for me to call my brother at 8 pm,53,reminder_update
could you make me a reminder to do the floors,53,reminder_update
can i set a reminder,53,reminder_update
make a reminder to work out at the gym,53,reminder_update
set a reminder to go grocery shopping,53,reminder_update
remind me to take the chicken out in a hour,53,reminder_update
remind me,53,reminder_update
create a reminder for me to exercise this week,53,reminder_update
please remind me of something,53,reminder_update
please give me a reminder,53,reminder_update
set a reminder to go check the mail,53,reminder_update
i need a reminder to remind me to do something,53,reminder_update
how about a reminder,53,reminder_update
dont forget to set a reminder to pay the bills,53,reminder_update
set a reminder to feed the dogs,53,reminder_update
"new reminder, please",53,reminder_update
set up a reminder that i need to pay my car ins the 23rd,53,reminder_update
i need to make a reminder please,53,reminder_update
remind me again please,53,reminder_update
remind me to bring a jacket in tomorrow,53,reminder_update
"the next time it rains, remind me to close the windows",53,reminder_update
make a reminder for me to do my resume,53,reminder_update
make a reminder to do my taxes,53,reminder_update
set a reminder for me to do this in a bit,53,reminder_update
make reminder to pay rent on the 30th of every month,53,reminder_update
make a reminder to change the cat litter,53,reminder_update
i want you to remind me of something,53,reminder_update
make a reminder to give the cat her flea medicine,53,reminder_update
remind me to call bob,53,reminder_update
can you set me a reminder,53,reminder_update
set a reminder for my doctors appointment,53,reminder_update
create a reminder for me to send flowers to my mom for mother's day,53,reminder_update
set a reminder for monday pay taxes,53,reminder_update
set reminder to prepare for my meeting at 10 am,53,reminder_update
please remind me later,53,reminder_update
make me a reminder about booking it,53,reminder_update
remember to remind me of this later,53,reminder_update
please remind me to take out the trash,53,reminder_update
remind me tommorow at 3pm i have a doctors appointment,53,reminder_update
set a new reminder for tomorrow at 4am,53,reminder_update
create a reminder to pay taxes on monday,53,reminder_update
please reminder for car meet,53,reminder_update
i need to set a reminder to go to the post office,53,reminder_update
set reminder pay taxes on monday,53,reminder_update
dont let me forget to do that thing later,53,reminder_update
set a reminder for later,53,reminder_update
remind me to take out the trash,53,reminder_update
"i'd like to rent a limo in las vegas from may 01, 2019 to may 03, 2019",40,car_rental
is it possible to rent a car from laguardia from tuesday to friday,40,car_rental
i need a rental car for sfo from friday to saturday,40,car_rental
are there any places nearby i can rent a car at,40,car_rental
could i rent a car in seattle from next monday to thursday please,40,car_rental
i'd like to find a place that rents flashy sports cars in tampa,40,car_rental
i need you to get me a rental car in nashville,40,car_rental
i want to rent a car in boise from april 12-15,40,car_rental
can you help me with a rental car,40,car_rental
please check if i can do a car rental from charlotte douglas airport from monday to wednesday,40,car_rental
i'll require a rental car from 3/6 - 3/19 in san jose,40,car_rental
i will need a rental car since i'm going to travel to new york,40,car_rental
help me to book a car rental in sacremento,40,car_rental
on may 12 to may 16 can i get a car from aiken,40,car_rental
"can you see if i can rent a car from dallas on the dates of march 1, 2019 to march 3, 2019",40,car_rental
i need to rent a car in boston for march 2 until march 4,40,car_rental
where can i rent a car soon,40,car_rental
will car rentals be available in boston from march 2 to march 4,40,car_rental
i need to find a rental car since i'm travelling to new york tomorrow,40,car_rental
please help me book a rental car for nashville,40,car_rental
"can you help me book a bmw suv for march 2 to 6th, dallas texas",40,car_rental
help me secure a car rental out of reagan international airport from march 22-30,40,car_rental
"will you help me rent a car from march 2 to 6th in dallas i want a bmw suv, if possible",40,car_rental
id like a rental car in denver colorado between january 1st and january 3rd and id like a ford if possible,40,car_rental
"i want to rent the cheapest car for charlottesville, virginia for march 7th through 10th, that's monday, tuesday, wednesday and thursday",40,car_rental
i need to do a car rental,40,car_rental
i need to rent a car in chicago but don't know how,40,car_rental
will you help me reserve a rental car for my trip to dallas,40,car_rental
please book a car for me in bangkok,40,car_rental
is there a car rental available from tuesday to thursday out of lax,40,car_rental
will i be able to rent a car in boston from march 2 to march 4,40,car_rental
please look up if i can rent a car in houston from march 25 to march 29,40,car_rental
could i rent a car out of dallas from april 1-10,40,car_rental
i'd like to rent a vehicle from nov 1st to nov 15th in san antonio and i need a 15 passenger van,40,car_rental
how can i rent a car in boston,40,car_rental
can you help me with seattle car rental bookings,40,car_rental
"i will be in aiken on may 12 to may 16, i need to rent a car",40,car_rental
could i rent a car from tuesday to thursday out of lax,40,car_rental
i would like some help getting a rental car reserved in los angeles,40,car_rental
can i get a jeep to rent in bangor from the first of the month to a week after the first,40,car_rental
"in nashville, i need a rental car booked",40,car_rental
find me a rental car from 3/6 - 3/9 in port charles,40,car_rental
is it possible to rent a car from new york on 3/2/19 to 3/5/19,40,car_rental
help me get a rental car,40,car_rental
can i rent a car in belgium from march 01 to march 02 and have it be a porsche,40,car_rental
i want to rent a car in boston for march 2 until march 4,40,car_rental
a rental car needs to be booked in nashville,40,car_rental
i want a bmw suv for march 2 to 6th in dallas,40,car_rental
please help me book a rental car in appleton,40,car_rental
help me book a rental car in green bay,40,car_rental
what is the amount of vacation days i have left,126,pto_balance
i need to know how many vacation days i have,126,pto_balance
i want to know how much vacation time i can use,126,pto_balance
how many days of vacation do i have,126,pto_balance
how many days of vacation time do i have saved,126,pto_balance
i've saved what number of days of vacation,126,pto_balance
what is the saved vacation time i have left,126,pto_balance
how many vacation days do i have saved up,126,pto_balance
how much paid time off have i earned to date,126,pto_balance
how many vacation days do i have to spend,126,pto_balance
do i have any vacation days left,126,pto_balance
how many vacation days do i still get,126,pto_balance
do i have any remaining pto days,126,pto_balance
how much vacation am i currently entitled to,126,pto_balance
let me know the number of vacation days i have,126,pto_balance
how many vacation days have i accrued,126,pto_balance
please tell me how many vacation days i currently have,126,pto_balance
i want to know how many vacation days i have,126,pto_balance
how many of my vacation days do i have remaining,126,pto_balance
tell me how many vacation days i have left,126,pto_balance
how many more vacation days do i have for the year,126,pto_balance
provide me the number of vacation days i have,126,pto_balance
check how much pto i have left,126,pto_balance
how many days do i have left of pto,126,pto_balance
can you figure out how many vacation days i have left,126,pto_balance
can you tell me the number of pto days i have left,126,pto_balance
how many days off for vacation do i have left,126,pto_balance
what's the number of remaining vacation days i have,126,pto_balance
how many vacation days do i have left this year,126,pto_balance
"do i still have any pto days left, and if so, how many",126,pto_balance
how much time do i have for vacation saved,126,pto_balance
would you please tell me how many vacation days i have,126,pto_balance
how many vacation days do i still have,126,pto_balance
how many days for vacation do i have left,126,pto_balance
i'd like to know how many vacation days i have,126,pto_balance
how many vacation hours have i accrued,126,pto_balance
what's the current count of my pto days,126,pto_balance
do i have any vacation time left,126,pto_balance
do you know ho many vacation days i currently have,126,pto_balance
how many vacation days do i have for the year,126,pto_balance
i have how many vacation days left,126,pto_balance
do i have any vacation days to use,126,pto_balance
what number of vacation days remain for me,126,pto_balance
what is my remaining pto days,126,pto_balance
do i have enough pto to take time off,126,pto_balance
how much pto do i have,126,pto_balance
can you explain to me what type of vacation days i have still,126,pto_balance
check days of pto,126,pto_balance
would you provide the number of vacation days i have,126,pto_balance
can you tell me the remaining time i have for pto,126,pto_balance
"how would i say, 'i don't know the answer' in spanish",61,translate
"how do they say ""how's it going"" in swahili",61,translate
how do i say you're welcome in chinese,61,translate
what is latin for i love you,61,translate
how do i say thank you in japanese,61,translate
how would i say i love you if i were french,61,translate
can you translate cat into russian for me,61,translate
how do you say i'm hungry in french,61,translate
how could i say twin in chinese,61,translate
can you translate where's the bar into irish for me,61,translate
i wanna know a phrase in spanish,61,translate
what words would i use to tell someone i am lost if i were japanese,61,translate
can you tell me how i would normally say thank you as a french person,61,translate
how do they say hello in brazil,61,translate
i wanna learn a phrase in russian,61,translate
what do i say for goodbye in hawaii,61,translate
can you translate good bye into russian for me,61,translate
what is thank you in spanish,61,translate
what is the way to say thank you in spanish,61,translate
translate hello in french,61,translate
"can you tell me how to say 'i do not speak much spanish', in spanish",61,translate
how does one say thank you in spanish,61,translate
how do they say goodbye in hawaii,61,translate
what is spanish for hello,61,translate
can you translate hello into swedish for me,61,translate
"how do they say ""i love you"" in japanese",61,translate
what is the correct way to say 'i am a visitor' in french,61,translate
what is spanish for good morning,61,translate
how do they say hello in france,61,translate
translate hello english to french,61,translate
how do they say yes in brazil,61,translate
how do vietnameses people say hello,61,translate
what spanish word means hello,61,translate
i would like to know how to say hello in french,61,translate
"how do they say ""who is your father"" in german",61,translate
i would i say subway if i were english,61,translate
please translate grocery into french for me,61,translate
how do you say please in arabic,61,translate
how do germans say goodnight,61,translate
how would i say hello in french,61,translate
can you translate hi into spanish for me,61,translate
how do you say hi in french,61,translate
how do you say hello in french,61,translate
what is hello in french,61,translate
can you translate bowl into russian for me,61,translate
how would i say if i were english subway,61,translate
can you translate bat into russian for me,61,translate
what expression would i use to say i love you if i were an italian,61,translate
can you translate i love you into french for me,61,translate
how do i say hello in french,61,translate
you saved my name how,11,user_name
let me know what do you call me,11,user_name
what's my name huh,11,user_name
what would you like to call me,11,user_name
what is my name saved under,11,user_name
what name do you have listed for me,11,user_name
you refer to me as what,11,user_name
you have what name for me,11,user_name
what am i called by you,11,user_name
what will you call me,11,user_name
whats my name saved under,11,user_name
what name am i under,11,user_name
what do you know me as,11,user_name
i want you to let me know what names you have for me,11,user_name
what do you have my name saved under,11,user_name
what do you refer to me as,11,user_name
so what is my name saved as,11,user_name
please tell me the name you use for me,11,user_name
could you let me know what names you have for me,11,user_name
what is the name that you have for me,11,user_name
what's my name saved under,11,user_name
can you tell me my name,11,user_name
"if you were smart, would you know my name",11,user_name
what is my name saved as,11,user_name
is there a name that you call me,11,user_name
what is the name you have listed for my identity,11,user_name
do you know what you call me,11,user_name
can you tell me what you refer to me as,11,user_name
what's my name in your system,11,user_name
how do you usually refer to me,11,user_name
what is my first name saved as,11,user_name
"what is the name that you have for me, please",11,user_name
would you tell me what names you have for me,11,user_name
so what is my current name saved as,11,user_name
do you know how to refer to me,11,user_name
i need to know what names you have for me,11,user_name
you wrote what for my name,11,user_name
what name do you use when addressing me,11,user_name
what do you think i am called,11,user_name
what are you going to refer to me as,11,user_name
by what name people call me,11,user_name
do you have any idea what my name is,11,user_name
how do you reference me,11,user_name
what is the name you associate with me,11,user_name
what can you call me,11,user_name
what name do you know me by,11,user_name
tell me what you think my name is,11,user_name
what is my name saved as in your system,11,user_name
let me know the name you have for me,11,user_name
what name do you use to talk about me,11,user_name
will i have to wait to get a table at ihop,102,how_busy
"at 5 pm, is kaya very busy",102,how_busy
how long should i expect to wait at the cheesecake factory before getting seated,102,how_busy
how busy is ihop at 5 pm,102,how_busy
how long will i have to wait before being seated at the cheese cake factory,102,how_busy
how long will the wait be at noon if we went to nagomi,102,how_busy
how busy is michel at 9,102,how_busy
can you tell me what the wait is like right now at cracker barrel,102,how_busy
how long will i wait for a table at red lobster,102,how_busy
can you check to see how busy that restaurant is for dinner,102,how_busy
is that place busy around dinner time,102,how_busy
what's the table wait at applebees,102,how_busy
i would like to find out if macaroni grill will be busy around 7:00 pm,102,how_busy
"at four, how much business does georgio have",102,how_busy
is the restaurant busy at lunchtime,102,how_busy
is there a wait time to get into tgifridays,102,how_busy
find out what wait times are like right now at olive garden,102,how_busy
will i be able to get a seat at 5pm,102,how_busy
is kaya busy around 5 pm,102,how_busy
would i have to wait long if i want to eat at chili's,102,how_busy
what is the sitting time at this restaurant,102,how_busy
can i expect chili's to be busy at 4:30,102,how_busy
how busy do you expect olive garden to be at 6,102,how_busy
tell me how busy macaroni grill will be around 8 pm,102,how_busy
how busy is jiro at 12 lunch time,102,how_busy
what is the wait time at this restaurant,102,how_busy
find out how busy ihop usually is around 5 pm,102,how_busy
how busy is mc donald at 8 in the morning,102,how_busy
what's the typical wait time at red lobster,102,how_busy
"if i go to olive garden at 4 pm, how busy will it be",102,how_busy
how long can i expect to wait for a restaurant table,102,how_busy
how busy will chili's be if i go at 6 pm,102,how_busy
i want to know how busy ruby tuesday will be at around 8:45 pm,102,how_busy
when will the restaurant be busiest,102,how_busy
how long will it take me to be seated at ihop,102,how_busy
how busy does outback get around 7pm,102,how_busy
"if i go to tgifridays at eight, will they be crowded",102,how_busy
how busy will panera be at noon,102,how_busy
would you say that red lobster's pretty buy at noon,102,how_busy
what is the wait time at applebee's,102,how_busy
how long will i have to wait if i want to eat at panera,102,how_busy
is sage busy around noon,102,how_busy
how busy is zippy around 12 for lunch,102,how_busy
how long will i stand in line at carl jr's,102,how_busy
is that restaurant crowded during dinner,102,how_busy
how busy is imanas tei at 7 dinner,102,how_busy
is red lobster busy at 6pm,102,how_busy
can you tell me how busy outback steakhouse will be at 7:30 pm,102,how_busy
please look into the current wait times at chili's right now,102,how_busy
how long does it take to get a table at chili's,102,how_busy
indeed,107,yes
"yes, that is right",107,yes
that statement was correct,107,yes
that is true,107,yes
sure thing,107,yes
that seems true,107,yes
uh-huh,107,yes
that would be true,107,yes
yes that's it,107,yes
"yep, that's right",107,yes
i think it's true,107,yes
"yeah that's right, so true",107,yes
"yes, that's accurate",107,yes
"yes, that is a fact",107,yes
"yep, that's true",107,yes
yes that is correct,107,yes
yeap,107,yes
true,107,yes
"yes, that's correct",107,yes
that will be true,107,yes
do that,107,yes
"yeah, that's how it is",107,yes
yes you are correct,107,yes
that is right,107,yes
yes,107,yes
the answer to that is a resounding yes,107,yes
i think that's true,107,yes
confirm,107,yes
that's the truth,107,yes
that is accurate,107,yes
absolutely!,107,yes
is is very much true,107,yes
its a for sure true,107,yes
the answer to that is affirmative,107,yes
it is a true,107,yes
"affirmative, go ahead",107,yes
true is my response,107,yes
that is affirmative,107,yes
i believe that's true,107,yes
of course,107,yes
what you just said is true,107,yes
that would be great,107,yes
exactly right,107,yes
"correct, that's true",107,yes
"yeah, that's right",107,yes
that is a fact,107,yes
it is true,107,yes
yes i am,107,yes
my response to that is yes,107,yes
yes that's correct,107,yes
when will me new card arrive,90,replacement_card_duration
how long until you send me a replacement card,90,replacement_card_duration
my credit card got stolen and i need to know how long it will be before a new on arrives,90,replacement_card_duration
what is the quickest way to get a new card,90,replacement_card_duration
my credit card has been stolen and i want to know how long it will be before i can get a new one,90,replacement_card_duration
how long until the credit card company replaces my lost card,90,replacement_card_duration
how long should i wait to get my new card when my old one was stolen,90,replacement_card_duration
when will you mail me a replacement card,90,replacement_card_duration
how long will a new card take to come in the mail,90,replacement_card_duration
do when you when my replacement card will get mailed,90,replacement_card_duration
how long does visa take to get me a new card,90,replacement_card_duration
when can i expect my new card,90,replacement_card_duration
my new card will get here in the mail when,90,replacement_card_duration
if i need a new card mailed how long will it take,90,replacement_card_duration
mailing a new card to me takes how long,90,replacement_card_duration
when can i expect my replacement card,90,replacement_card_duration
"if my credit card was stolen, how long will it take to replace",90,replacement_card_duration
what is the turn around for a new card,90,replacement_card_duration
how long will i have to wait until they replace a stolen credit card,90,replacement_card_duration
what's the expected time to have a stolen credit card replaced,90,replacement_card_duration
how many days before my credit card arrives,90,replacement_card_duration
what's the typical time it takes for a new card to arrive,90,replacement_card_duration
how long does it take to get a replacement credit card when your last one was stolen,90,replacement_card_duration
what date will my replacement card arrive on,90,replacement_card_duration
how many days till i get a new card to replace the stolen one,90,replacement_card_duration
how long will it take a new card to come in the mail,90,replacement_card_duration
my last card was stolen and i want to know how long until i get my new one,90,replacement_card_duration
how long will a new card take to reach me,90,replacement_card_duration
how long does it take to replace a lost card,90,replacement_card_duration
when will you send me a replacement card,90,replacement_card_duration
what date will my card be here,90,replacement_card_duration
how many days does it take to receive a new card,90,replacement_card_duration
how long to replace a credit card,90,replacement_card_duration
average time to receive new card,90,replacement_card_duration
what's the transit time on a new card,90,replacement_card_duration
when should i expect my replacement card,90,replacement_card_duration
when will my card replacement arrive,90,replacement_card_duration
if i order a new card how long would it take,90,replacement_card_duration
what is the time frame to get a new card mailed to me,90,replacement_card_duration
will my credit card be mailed soon,90,replacement_card_duration
how many days will it take to get a new credit card to replace the one stolen from me,90,replacement_card_duration
what is the earliest date i can get my new card,90,replacement_card_duration
when will my replacement card get mailed,90,replacement_card_duration
tell me about today weather,90,replacement_card_duration
it takes how long to mail me a new card,90,replacement_card_duration
mailing to me for a new card takes how long,90,replacement_card_duration
will you notify me when my new card is on the way,90,replacement_card_duration
when will my new visa get here,90,replacement_card_duration
when will my new card come in the mail,90,replacement_card_duration
whats the wait time for a replacement card,90,replacement_card_duration
can i have your name please,75,what_is_your_name
what name do you answer to,75,what_is_your_name
how would you like me to refer to you,75,what_is_your_name
what name should i use to call for you,75,what_is_your_name
can you tell me your name,75,what_is_your_name
how would you like to be referred to,75,what_is_your_name
what do people call you,75,what_is_your_name
do you have a name i can use,75,what_is_your_name
what name should i use for you,75,what_is_your_name
do you have a name i should call you by,75,what_is_your_name
"ai, do you like your name",75,what_is_your_name
what is the name i should use to refer to you,75,what_is_your_name
"ai, what's your name",75,what_is_your_name
i want to know your name,75,what_is_your_name
how should i refer to you,75,what_is_your_name
do you have a name that i can call you,75,what_is_your_name
tell me your full name,75,what_is_your_name
what should i refer to you as,75,what_is_your_name
do people call you by a certain name what is it,75,what_is_your_name
do you have a name,75,what_is_your_name
i'd like to know what to call you,75,what_is_your_name
what name do you prefer,75,what_is_your_name
what do you prefer to be called,75,what_is_your_name
what is the ai's name,75,what_is_your_name
who gave you your name,75,what_is_your_name
what name would you like me to use,75,what_is_your_name
what name should i refer to you as,75,what_is_your_name
how are you named,75,what_is_your_name
i'd like your name,75,what_is_your_name
what name do you want me to call you,75,what_is_your_name
do you have a way you like to be referred to,75,what_is_your_name
"when referring to you, what name do you want me to use",75,what_is_your_name
state your name,75,what_is_your_name
what's your full name,75,what_is_your_name
tell me your name,75,what_is_your_name
what is your full name,75,what_is_your_name
do you go by any nicknames,75,what_is_your_name
i would like to know your name,75,what_is_your_name
can you me what they call you,75,what_is_your_name
"when referring to you, what name should i use",75,what_is_your_name
whats your name,75,what_is_your_name
what name do you like to go by,75,what_is_your_name
what do you want me to call you,75,what_is_your_name
do you have a preference regarding what i should call you,75,what_is_your_name
is there a particular name i should call you,75,what_is_your_name
what did your friends call you,75,what_is_your_name
what name should i use to address you,75,what_is_your_name
i wanna know your name,75,what_is_your_name
"hello, may i get your name",75,what_is_your_name
how can i get your attention,75,what_is_your_name
do i need to get gas soon,110,gas
how many miles is there left to get to sioux falls,110,gas
please check the amount of gas i have,110,gas
what's left in my gas tank,110,gas
do i have a lot of gas left,110,gas
whats left as far as gas goes,110,gas
what level is my gas at,110,gas
do i have enough fuel in the gas tank,110,gas
how many gallons do i have left,110,gas
how much gas is in the tank,110,gas
how empty is my gas tank,110,gas
where's the gas tank level at,110,gas
what's the status of my gas tank,110,gas
what is my current gas level at,110,gas
how much gas is left,110,gas
do i have enough fuel to make it to the theater,110,gas
what is the amount of gas i have,110,gas
how much total gas do i have,110,gas
what is my gas level,110,gas
do i have enough fuel for the drive to tampa,110,gas
will i make it on the gas i have to orlando,110,gas
can you tell me the amount of gas i have,110,gas
can i make it to work with my current fuel level,110,gas
is my gas tank full,110,gas
can my car get to reno with the gas currently in my tank,110,gas
am i low on gas,110,gas
i would like to know the amount of gas i have,110,gas
what level is my gas tank at,110,gas
what do i have left in the gas tank,110,gas
what amount of fuel do i have left,110,gas
can you read my gas level,110,gas
i'd like to know how much gas is left,110,gas
what is the amount of gas left,110,gas
whats in my gas tank,110,gas
what my fuel tank at,110,gas
should i get more gas,110,gas
is the level of fuel in my car enough to get me to work,110,gas
is there enough fuel to make it to the walmart,110,gas
can you tell me the amount of gas i have remaining,110,gas
can my car get to dallas with the gas currently in my tank,110,gas
is there enough fuel to drive to tampa,110,gas
where is my gas level right now,110,gas
i need to know how much gas i have,110,gas
how much gas do i currently have,110,gas
is my gas tank at least half full,110,gas
do i have enough gas in the fuel tank,110,gas
i need to know how much gas i got,110,gas
how many miles can i go with my current fuel level,110,gas
can i make it to tampa without needing to get more gas,110,gas
what amount of gas is in my car,110,gas
do i need to fill up my tires,98,tire_pressure
do my tires need air,98,tire_pressure
what is my car's tire pressure,98,tire_pressure
what's the current psi for my tires,98,tire_pressure
are my tire's air pressure good enough to drive on,98,tire_pressure
how full are my tires,98,tire_pressure
can you give me a reading of my car's tire pressure please,98,tire_pressure
let me know how low the air in my tires are,98,tire_pressure
tell me what my tire pressure is,98,tire_pressure
what's the inflation of my tires,98,tire_pressure
are my tires aired properly,98,tire_pressure
is the pressure in my tires optimal,98,tire_pressure
i would like to know my car's tire pressure please,98,tire_pressure
are my tires properly inflated with air,98,tire_pressure
is my tire pressure in the correct range,98,tire_pressure
would it be smart to put air in my tires,98,tire_pressure
is the air pressure on my tires low,98,tire_pressure
how much air is in my tires,98,tire_pressure
hows the air in my tires,98,tire_pressure
do the tires need air,98,tire_pressure
is my tire pressure okay,98,tire_pressure
are my tires full or low,98,tire_pressure
what's my tires current air pressure,98,tire_pressure
can you check my tire pressure,98,tire_pressure
how are my tires,98,tire_pressure
how much pressure are currently in my tires,98,tire_pressure
should i pump my tires,98,tire_pressure
how is the tire pressure,98,tire_pressure
are my tires in need of air,98,tire_pressure
i want an evaluation of my car's tire pressure,98,tire_pressure
what's the tire pressure of my car,98,tire_pressure
how much air do i have in my tires,98,tire_pressure
how many psi's are my tires at the moment,98,tire_pressure
tell me my car's tires' air pressure,98,tire_pressure
what's my air pressure right now,98,tire_pressure
is the air pressure in my tires low,98,tire_pressure
tell me my tires' air pressure,98,tire_pressure
please check and report on my tire pressure,98,tire_pressure
what's my car's tire pressure,98,tire_pressure
how's my tire pressure,98,tire_pressure
do the tires look a little low on pressure,98,tire_pressure
are my tires good on pressure,98,tire_pressure
are my tires under-inflated,98,tire_pressure
please measure my tire pressure,98,tire_pressure
are my tires requiring a fill-up,98,tire_pressure
i am needing to know how low the air in my tires are,98,tire_pressure
can you check the air in my tires,98,tire_pressure
i want to know how low the air in my tires are,98,tire_pressure
check how much air is in my tires,98,tire_pressure
what's the amount of air in my tires right now,98,tire_pressure
thanks a lot for the answer,124,thank_you
your answer is appreciated,124,thank_you
i'm grateful for the answer you just gave me,124,thank_you
much obliged,124,thank_you
thank you!,124,thank_you
thanks for the help!,124,thank_you
thanks please,124,thank_you
your answer was enjoyable,124,thank_you
"awesome, thanks",124,thank_you
okay thanks,124,thank_you
you were so kind to do that,124,thank_you
you are so nice to think of me,124,thank_you
really great!,124,thank_you
i thank you,124,thank_you
good looking out,124,thank_you
gracias,124,thank_you
i'm grateful to you,124,thank_you
thank you for your time,124,thank_you
"that'll work, good job!",124,thank_you
thanks for letting me know,124,thank_you
i am thankful for your help!,124,thank_you
"good answer, thanks for providing it",124,thank_you
i can not thank you enough,124,thank_you
appreciate the help,124,thank_you
thanks for helping out,124,thank_you
thank you for helping me,124,thank_you
i appreciate you helping me,124,thank_you
thanks for your cooperation,124,thank_you
your answer was good,124,thank_you
you are so thoughtful and i appreciate your gesture,124,thank_you
i'm so glad you helped me!,124,thank_you
i appreciate what you did,124,thank_you
i wish you were here earlier,124,thank_you
you did a good job thank you,124,thank_you
merci beaucoup,124,thank_you
i'm grateful,124,thank_you
thank you for the information,124,thank_you
thanks so much!,124,thank_you
thank ya!,124,thank_you
i want to thank you for helping,124,thank_you
thank you very much for the assistance,124,thank_you
youre a doll,124,thank_you
i'm grateful for the assistance,124,thank_you
thanks again!,124,thank_you
thank you kindly,124,thank_you
thanks for helping me!,124,thank_you
thank you,124,thank_you
thanks for answering my question,124,thank_you
i owe you one!,124,thank_you
i have much gratitude for your help,124,thank_you
can i put in a vacation request with you,97,pto_request
can you set up a pto request for me for march 20th to april 12th,97,pto_request
can you put in a pto request for me from march 1-7,97,pto_request
i need help making a pto request for march 3-10,97,pto_request
i need a pto request on march 1 to 2,97,pto_request
how do i book a vacation,97,pto_request
i'd like to take a vacation day from 2/24 to 2/25,97,pto_request
create for me a pto request for march 16-21,97,pto_request
schedule a pto request for me on march 1-2,97,pto_request
i need a pto request put in for the weekend of june 1st to june 2nd,97,pto_request
can you put in a pto request for the 5th of june to june 8th,97,pto_request
can you put in a pto request for march 4 to march 6 for me,97,pto_request
what steps should i take if i want to request vacation,97,pto_request
let's do a personal pto request for the dates may 12th to may 15th,97,pto_request
i need a pto request for the dates jan 15th to jan 20th,97,pto_request
please tell me how to submit a vacation request,97,pto_request
please make a pto request from dates september 1 to 15,97,pto_request
how can i request a vacation from work,97,pto_request
i would like you put in a pto request for the dates july 4th to the 8th,97,pto_request
when can i put a pto request in for feb 22 to march 1,97,pto_request
can you tell me how to make a vacation request,97,pto_request
please place a pto request for february 18th to the february 25th,97,pto_request
submit a request for pto for the dates may 5th to the 12th,97,pto_request
please make a pto request for me from dates jan 21 to begininning of february,97,pto_request
i need to put in a pto request for march 4 to march 6,97,pto_request
what do i need to do if i want to ask for vacation time,97,pto_request
i want to put in a request for pto from may 5 to may 12,97,pto_request
am i able to place a pto request for february 20-25,97,pto_request
what do i need to do to request vacation time off,97,pto_request
put in a pto request for me i want it for the ninth and the tenth of august,97,pto_request
i'd like for their to be a pto request for me made for the dates june 4th to june 8th,97,pto_request
please assist me by making a pto request for march 11-18,97,pto_request
make a pto request from april 2 to april 4,97,pto_request
"could you submit a pto request for me from dates mar 3 to 9, please",97,pto_request
is there a time i can put in a pto request for dec 2 to new years,97,pto_request
tell me how to request vacation,97,pto_request
i need a pto request for march 3rd and 4th,97,pto_request
i need to submit a request for pto for june 12th to june 14th,97,pto_request
"between october 7th and october 10th, i'd like for there to be a pto request for me",97,pto_request
"i need to take some time off, can i have the next week off",97,pto_request
what is the process for requesting a vacation,97,pto_request
"from december 22nd to the 25th, make me a pto request",97,pto_request
what is the protocol for requesting a vacation,97,pto_request
i want to request pto from november 7 to 11,97,pto_request
how can i schedule a vacation request,97,pto_request
would you be able to tell me how to make a vacation request,97,pto_request
may i take a pto on february 7 and 8,97,pto_request
how do i ask to have a vacation,97,pto_request
can you put in a pto request for march 7th to the 9th,97,pto_request
"can you submit a pto request for me from dates nov 2 to 10, please",97,pto_request
"can you give me a burmese meal suggestion, please",46,meal_suggestion
can you tell me a good indian dish to make,46,meal_suggestion
"i can't decide on dinner, what do you suggest",46,meal_suggestion
i'd like an italian meal suggestion,46,meal_suggestion
go ahead and give me a suggestion for what to make for dinner,46,meal_suggestion
give me some options on what to cook for dinner,46,meal_suggestion
i want you to give me a suggestion for what to make for dinner,46,meal_suggestion
suggest an italian meal to me,46,meal_suggestion
i want an italian meal suggestion,46,meal_suggestion
i'm needing dinner suggestions for mexican food,46,meal_suggestion
i'd like you to give me an idea for a meal from iceland,46,meal_suggestion
what peruvian dish should i make,46,meal_suggestion
what can i make for dinner using ground beef,46,meal_suggestion
any suggestions for a peruvian meal,46,meal_suggestion
got any good dinner ideas,46,meal_suggestion
i need a mexican meal suggesstion,46,meal_suggestion
what do you think i should make for dinner,46,meal_suggestion
do you have any good recommendations for swiss cuisine,46,meal_suggestion
please give me a suggestion for what to make for dinner,46,meal_suggestion
i would like to hear what ideas you have about making dinner tonight,46,meal_suggestion
suggest a meal from korea to me,46,meal_suggestion
suggest a meal from thailand to me,46,meal_suggestion
suggest a meal from germany to me,46,meal_suggestion
suggest a meal from denmark to me,46,meal_suggestion
i'd like to get dinner suggestions for thai food,46,meal_suggestion
need some good dinner ideas,46,meal_suggestion
what food from italy do you suggest,46,meal_suggestion
what meal from italy do you suggest,46,meal_suggestion
do you have any southern dishes to recommend,46,meal_suggestion
suggest food from italy to me,46,meal_suggestion
can you suggest to me any meals from nigeria,46,meal_suggestion
what would be good for dinner,46,meal_suggestion
please provide an option for dinner,46,meal_suggestion
suggest a meal for me that comes from mexico,46,meal_suggestion
can you give me a thai dinner suggestion,46,meal_suggestion
can you suggest a meal from ireland for me,46,meal_suggestion
what's the best pizza place around here,46,meal_suggestion
can you give me a vietnamese dinner suggestion,46,meal_suggestion
suggest a meal from italy to me,46,meal_suggestion
please suggest a meal from italy to me,46,meal_suggestion
i need a suggestion for a dinner recipe,46,meal_suggestion
what's a simple chinese recipe for dinner,46,meal_suggestion
"can you give me a thai meal suggestion, please",46,meal_suggestion
how tasty is the pizza here,46,meal_suggestion
get me italian cuisine dinner suggestions,46,meal_suggestion
what type of pizzas are available for dinner,46,meal_suggestion
help me decide what mexican meal i want,46,meal_suggestion
do you know an good pasta dishes,46,meal_suggestion
give me italian meal ideas,46,meal_suggestion
can you give me a meal suggestion for swedish cuisine,46,meal_suggestion
know any interesting facts,129,fun_fact
read me some fun facts,129,fun_fact
say trivia about lebron james,129,fun_fact
what is a fun fact about mt everest,129,fun_fact
can you share some trivia with me about us history,129,fun_fact
i want to know some trivia about our solar system,129,fun_fact
i want to learn a neat fact about black holes,129,fun_fact
say a fun fact about mt everest,129,fun_fact
do you know any trivia about ostriches,129,fun_fact
fun facts about tigers,129,fun_fact
tell me something fun about gravity,129,fun_fact
can you tell me something i don't know about banks,129,fun_fact
what's a fun fact about eggs,129,fun_fact
tell me a fact i may not know,129,fun_fact
what's an interesting fact about flamingos,129,fun_fact
please tell me an interesting tidbit about the roman empire,129,fun_fact
tell me some trivia about birds,129,fun_fact
repeat that fun fact about mt everest,129,fun_fact
i'd like to hear a fun fact about the nfl,129,fun_fact
"trivia about something,tell me some",129,fun_fact
what's a good trivia fact about china,129,fun_fact
give me a fun fact about otters,129,fun_fact
do you know any trivia about the ocean,129,fun_fact
what's a fun fact about mythology,129,fun_fact
tell me a fun trivia bit about artificial intelligence,129,fun_fact
give me an interesting fact about antarctica,129,fun_fact
read me some interesting information about cats,129,fun_fact
tell me some amazing trivia about radios,129,fun_fact
can you give me a good piece of trivia about the rainforest,129,fun_fact
lets hear a fact,129,fun_fact
i want to know a fun fact about pluto,129,fun_fact
tell me a fact,129,fun_fact
please give me a really impressive piece of trivia about bubble gum,129,fun_fact
what is a fun fact about dogs,129,fun_fact
tell me a neat fact about the ocean,129,fun_fact
what is one thing i might not know about nike shoes,129,fun_fact
tell me something neat about the ocean floor,129,fun_fact
tell me a fun fact about mt everest,129,fun_fact
tell me a fun fact about butterflies,129,fun_fact
do you know any fun facts about mt everest,129,fun_fact
i want to hear an interesting fact about dinosaurs,129,fun_fact
do you know any fun facts about the ocean,129,fun_fact
what is the most unique piece of trivia relating to cameras,129,fun_fact
what are some trivia questions about lebron james,129,fun_fact
lets go threw some trivia on sports,129,fun_fact
what is the most fun fact you know about the film industry,129,fun_fact
please tell me a really fun fact about facebook,129,fun_fact
lets fin out some fun facts about humans,129,fun_fact
lets hear an interesting fact about funko pops,129,fun_fact
tell me about something some trivia,129,fun_fact
give me the nutritional information for mashed potatoes,1,nutrition_info
please give me the nutrition facts for chicken parmesan,1,nutrition_info
tell me how healthy mac and cheese is,1,nutrition_info
what are the nutrition facts for a medium popcorn at the movies,1,nutrition_info
can you tell me the nutritional information for chicken nuggets,1,nutrition_info
how healthy are apples,1,nutrition_info
what's the nutritional info for chicken breast,1,nutrition_info
can you remember the nutritional info for macaroni and cheese,1,nutrition_info
where are the nutrition facts for cheerios,1,nutrition_info
can you give me information about the nutrition facts for celery,1,nutrition_info
do you know the nutritional info for macaroni and cheese,1,nutrition_info
can you give the nutritional information for the pasta,1,nutrition_info
could pizza be healthy,1,nutrition_info
i want to know the nutrition info for chicken nuggets,1,nutrition_info
"nutrition information for chicken nuggets, please",1,nutrition_info
what's the nutritional information for steak,1,nutrition_info
"i'd like to know the nutritional content of eggs, please",1,nutrition_info
how healthy is stax chips,1,nutrition_info
what's the nutrient info for a donut,1,nutrition_info
what's the nutritional value for a pizza lunchable,1,nutrition_info
what's the nutritional info for a loaf of bread,1,nutrition_info
do you know the nutrition facts for grapes,1,nutrition_info
share the nutrition info for brownies with me,1,nutrition_info
how nutritious are cheerios,1,nutrition_info
tell me the nutrition for grapes,1,nutrition_info
can you tell me how many calories are in an apple,1,nutrition_info
what's the nutritional information of iceberg lettuce,1,nutrition_info
can you tell me about the nutrients in jello,1,nutrition_info
is pizza considered healthy,1,nutrition_info
grapes have what kind of nutritional facts,1,nutrition_info
share the nutrition info for french fries with me,1,nutrition_info
tell me the nutritional information for chicken nuggets,1,nutrition_info
can you give me nutritional info on oranges,1,nutrition_info
give me the nutrition facts for chicken breast,1,nutrition_info
what's the nutritional info for french fries,1,nutrition_info
i would like you to share with me the nutrition info for chicken nuggets,1,nutrition_info
are pasta dishes healthy,1,nutrition_info
i need to know how healthy meatloaf is,1,nutrition_info
where on the cheerios box are the nutrition facts,1,nutrition_info
what's the nutritional info for spaghetti,1,nutrition_info
how healthy are potato skins,1,nutrition_info
what's the nutritional info for lasagna,1,nutrition_info
what's the nutritional info for a cheeseburger,1,nutrition_info
what's the nutritional info for a ganola bar,1,nutrition_info
can you tell me how healthy apples are,1,nutrition_info
let me see the nutrition content of the chicken tacos,1,nutrition_info
i need to know all about the nutrition of the beef taco,1,nutrition_info
nutrition information of mashed potatoes,1,nutrition_info
share the nutrition info for pizza with me,1,nutrition_info
can you read to me the nutritional info for macaroni and cheese,1,nutrition_info
what was wrong with my card yesterday,49,card_declined
i was trying to buy qtips at walmart and my card got declined,49,card_declined
let me know why my card got declined,49,card_declined
please tell me why my card was declined,49,card_declined
can you tell me why my card was declined yesterday,49,card_declined
how come starbucks declined my card when i tried to use it to pay,49,card_declined
why did my card not get accepted there,49,card_declined
why did my card get rejected yesterday,49,card_declined
i was buying qtips today at walmart and my card got declined,49,card_declined
for which reason was my card declined yesterday,49,card_declined
why was my card declined for my monthly netflix subscription payment,49,card_declined
let me know why my card got declined the other day,49,card_declined
do i have enough funds in my card,49,card_declined
why was my card declined,49,card_declined
can you tell me what caused my card to get declined at starbucks this morning,49,card_declined
bloomingdale's declined my card and i'd like to know why,49,card_declined
i was at home depot trying to buy plants and my card got declined,49,card_declined
find out what happened to make my card get declined yesterday,49,card_declined
can you tell me why walmart declined my card,49,card_declined
"yesterday, my card was declined",49,card_declined
my card did not work yesterday,49,card_declined
my card was declined at the casino and i'm wondering why,49,card_declined
explain why was my card declined at boston market,49,card_declined
why did macy's decline my card,49,card_declined
i tried using my card at chipotle yesterday and it was declined; why,49,card_declined
why was my card declined yesterday,49,card_declined
i was at albertsons trying to buy milk when my card wasn't accepted,49,card_declined
my card was malfunctioning and was returned to me,49,card_declined
i was at trader joe's trying to buy groceries and my card got declined,49,card_declined
please help me figure out why my card was declined yesterday,49,card_declined
it turns out my card was declined at fry's and i would like to know why,49,card_declined
i wish to know why my card was declined yesterday,49,card_declined
i couldn't buy a mug from target because my card got declined,49,card_declined
tell me why my card was declined yesterday,49,card_declined
tell me why my card didn't work yesterday,49,card_declined
"my card was declined at the store yesterday, what happened",49,card_declined
i went to target to buy a mug but my card did not work,49,card_declined
"i tried to use my credit card yesterday, but it did not work",49,card_declined
i was at sears trying to buy clothes and my card got declined,49,card_declined
i don't understand why my card was declined yesterday,49,card_declined
my card didn't go through when i was buying a case of water at walmart,49,card_declined
why did my card get declined at the dentist office,49,card_declined
i need to know why my card declined yesterday,49,card_declined
let me know why my card was declined yesterday,49,card_declined
at walmart my card got declined when i was buyng qtips,49,card_declined
why did you decline my card at sfo,49,card_declined
find out why my card was declined,49,card_declined
i was at target trying to buy candles and my card got declined,49,card_declined
tell me why was my card declined at the zoo,49,card_declined
i wish to know why my card was declined,49,card_declined
what stuff would i need to make tortellini,112,ingredients_list
what do you mix to make a chocolate cake,112,ingredients_list
what do i need to make a cajun chili,112,ingredients_list
what ingredients are present in marshmallows,112,ingredients_list
what ingredients go in a milky way,112,ingredients_list
what ingredients do i need for philly cheesesteaks,112,ingredients_list
"in terms of making scrambled eggs, what ingredients do i need",112,ingredients_list
what do i need to make a cake,112,ingredients_list
what all is in gumbo,112,ingredients_list
i want to make a meat stew what ingredients do i need,112,ingredients_list
what ingredients do i need to make broccoli cheddar soup,112,ingredients_list
the ingredients in pizza are what,112,ingredients_list
what stuff do you dump in an omelette,112,ingredients_list
what ingredients are in sushi,112,ingredients_list
ingredients needed to make a mexican lasagna,112,ingredients_list
pizza has which ingredients,112,ingredients_list
what ingredients are in cheese cake,112,ingredients_list
what are the ingredients of spaghetti,112,ingredients_list
what should i buy to make burritos tonight,112,ingredients_list
what goes into chicken noodle casserole,112,ingredients_list
what foods do i buy to put into a korean dinner,112,ingredients_list
do you have a list of ingredients that i'll need for blondies,112,ingredients_list
what would i need if i wanted to make chicken marsala,112,ingredients_list
chicken noodle casserole is made from what,112,ingredients_list
what goes into a strawberry smoothie,112,ingredients_list
what is gumbo made of,112,ingredients_list
what do you need to make general tsao's chicken,112,ingredients_list
what kind of stuff is in potato salad,112,ingredients_list
what ingredients do i need to make spaghetti,112,ingredients_list
what ingredients go in mashed potato,112,ingredients_list
what do i need to make chicken salad,112,ingredients_list
what ingredients do i need to make salmon salad,112,ingredients_list
what ingredients go in potato skins,112,ingredients_list
show me the ingredients that i need for ceviche,112,ingredients_list
what are the ingredients in gumbo,112,ingredients_list
what ingredients do i need for gumbo,112,ingredients_list
show me the recipe for broccoli cheddar soup,112,ingredients_list
what do you put in chili,112,ingredients_list
what ingredients are needed for shrimp cocktail,112,ingredients_list
what ingredients are in sugar cookies,112,ingredients_list
what ingredients are found in hunan chicken,112,ingredients_list
what ingredients are in coffee cakes,112,ingredients_list
which ingredients are in pizza,112,ingredients_list
the ingredients in pizza are which ones,112,ingredients_list
what does subway use to make a cold cut combo,112,ingredients_list
what ingredients do i need for tacos,112,ingredients_list
what ingredients are in salsa,112,ingredients_list
tell me the ingredients in pizza,112,ingredients_list
what do you need to make pancakes,112,ingredients_list
what do you put in a tibetan omelette,112,ingredients_list
how long will it take to get to phoenix,78,distance
i want to know the time to get to td bank in toms river,78,distance
"how far is the grand canyon from my current location in phoenix, az",78,distance
what's the estimated time to get to ppg paints arena in pittsburgh via bus,78,distance
how long does it take to get to phoenix by bus,78,distance
how long does it take to get to orlando by bus,78,distance
how long will it take to reach my doctors office,78,distance
time taken from home to doctors office,78,distance
how long does it take to get to outback in atlanta,78,distance
what time will we arrive at the bank,78,distance
how long is the ride to phoenix,78,distance
"how long before i get to dallas , in time, not miles",78,distance
"by bus, how long would it take to get to detroit",78,distance
tell me how far i am from home in time and miles,78,distance
how long does it take to get to the airport in dallas,78,distance
is the ride short to the airport in la,78,distance
how much time to reach doctors office,78,distance
how long does it take to get to the park in detroit,78,distance
it takes how long to get to mcdonald's in pomona,78,distance
how long will it take to get from galleria mall to state capitol,78,distance
"so to go to brooklyn, it would take me how long again",78,distance
how long is a bus ride to the library,78,distance
how miles does it take to get to red lobster from my current location,78,distance
how long will it take to walk to the safeway in the strip mall,78,distance
how long is the drive from sfo to fisherman's wharf,78,distance
approximately how much time will it take to get to tod's in minutes,78,distance
how long does it take to get to houston by bus,78,distance
what is the average time to get to walmart in mays landing,78,distance
how long can i expect a bus ride to the liberty bell to take,78,distance
i need a time update on the applebees trip,78,distance
how long will it take me to get to the mcdonald's in the city,78,distance
does it take 5 hrs to get to brooklyn by bus,78,distance
how long does it take to get to spago's in los angeles,78,distance
how many hours will it take to get to my destination,78,distance
"if i take the bus, how long will it take to get to dubrovnik",78,distance
"if i leave now, how long will it take me to drive to cape hatteras",78,distance
how much time will pass between the start and end of our sojourn by bus to detroit,78,distance
how long will it take to get to long beach terminal from long beach airport,78,distance
please let me know how long it'll be until i reach the sky harbor airport,78,distance
how fast can i get to target in trenton,78,distance
how long will it take to drive to the kroger in westwood,78,distance
what is the length of time it takes to get to phoenix,78,distance
give me the time left before i get to the hotel,78,distance
how many miles will it take to get to my destination,78,distance
how early should i leave to the airport in la,78,distance
how long does it take to get to applebees in nj,78,distance
what's the eta for grandma's house,78,distance
how long until i reach my destination,78,distance
how long's it take to get to the panera downtown,78,distance
how long does it take to get to the mall in las vegas,78,distance
find a hotel in san francisco for march 8 & 9,116,book_hotel
see if you can get me a room in colorado springs near garden of the gods from march 01 to march 02,116,book_hotel
please book me a room in austin from tomorrow to the 2nd,116,book_hotel
what's a good hotel to stay at in chicago,116,book_hotel
can you find me a place to stay in sacramento near the capitol on july 3-5,116,book_hotel
book me a hotel with good ratings in nashville,116,book_hotel
i need a hotel booked in denver near the museum from friday to saturday,116,book_hotel
i need a bed in brownsburg near walmart from apil 4th until the 5th,116,book_hotel
can you find me a hotel for 2 people on april 1st to 4th in rome,116,book_hotel
i want to book a hotel room for 10 people from monday to tuesday in manhattan,116,book_hotel
"find a columbus, ohio hotel with good reviews",116,book_hotel
is there a room big enough for 10 people from monday to tuesday in manhattan,116,book_hotel
book me a hotel in st louis near the arch from march 2nd to 5th,116,book_hotel
look up hotels with positive reviews in new york city,116,book_hotel
what hotel would you recommend in lakewood for 4 people from monday to wednesday,116,book_hotel
"in paris, get me a hotel room for 4 people from march 1st to 3rd",116,book_hotel
"what hotels are near, ny, ny for the 9th to 11th",116,book_hotel
show me a well reviewed hotel in evans,116,book_hotel
i need a room in indianapolis near the track from may 2nd through the 5th,116,book_hotel
i want a hotel room for 6 from the 1st through the 3rd in seattle,116,book_hotel
get me a hotel room for 3 people from march 12th to 14th in chicago,116,book_hotel
find me a hotel in seattle with great reviews,116,book_hotel
"in brooklyn, i need a hotel room for 4 from 3/15 until 3/20",116,book_hotel
book me a hotel in new york near the empire state building from marc 2nd to 4th,116,book_hotel
show me all hotels in evans with good reviews,116,book_hotel
"please book a hotel in ny, close to brooklyn, on the 25th to 30th",116,book_hotel
i need a hotel room for 4 people in lakewood from monday to wednesday,116,book_hotel
hotel room for 5 in austin for 3/1 until 3/8,116,book_hotel
i would like to reserve a hotel room that accomodates 10 people from monday to tuesday in manhattan,116,book_hotel
please help me book a place to stay in pittsburgh from monday to friday,116,book_hotel
i need lodging in lizton near the ice cream parlor from may 3rd until the 8th,116,book_hotel
is it possible to book 10 people from monday to tuesday in manhattan,116,book_hotel
"i need to book a hotel in ny, queens arrive on 8th and leave on the 13th",116,book_hotel
book me a hotel room in memphis for 3 people from 3/6 until 3/10,116,book_hotel
"march 20th through the 22nd, please book me a hotel room in manhattan big enough for 10 people",116,book_hotel
will you find me a place to stay in casper from march 5th to march 11th,116,book_hotel
can you find me a hotel in columbus with good reviews,116,book_hotel
help me find a hotel in that has good reviews in columbus,116,book_hotel
help me find a good reviews hotel in la,116,book_hotel
do you know of any well reviewed hotels in chicago,116,book_hotel
find me a hotel in kansas city with good reviews,116,book_hotel
"please find a columbus, ohio hotel with good reviews",116,book_hotel
i need a room in london for 2 people from march 1st to 3rd,116,book_hotel
book me a room on november 11 to 15 in cali,116,book_hotel
please find me a hotel room for 4 people from monday to wednesday in lakewood,116,book_hotel
i'm going to need a hotel room for 8 people in tallahassee from 3/10 until 3/12,116,book_hotel
find a suitable lodging in vancouver on march 16-19,116,book_hotel
i need a hotel in new orleans with awesome reviews,116,book_hotel
are there any openings in new york city from april 2 through april 8,116,book_hotel
i need a well-rated hotel in vegas,116,book_hotel
tell me about any travel alerts issued for germany,128,travel_alert
are there any travel alerts for syria,128,travel_alert
is mexico a safe place,128,travel_alert
what potential hazards are there for going to spain,128,travel_alert
does south korea have any travel alerts i should be aware of,128,travel_alert
"i am going to be traveling in turkey, are there any alerts",128,travel_alert
is it dangerous to travel to mexico,128,travel_alert
i need to know about travel alerts for mexico,128,travel_alert
where in the world is there a travel alert,128,travel_alert
would it be safe to go to columbia,128,travel_alert
is it safe to travel to norway,128,travel_alert
can traveling to nepal be safe (what's safe in x),128,travel_alert
is there a travel alert for [country],128,travel_alert
can you tell me if germany issued any travel warnings,128,travel_alert
what are today's travel advisories,128,travel_alert
are there any travel alerts for ukraine,128,travel_alert
are there travel alerts for europe,128,travel_alert
is there a travel alert for spain,128,travel_alert
does macedonia have any travel alerts i should be aware of,128,travel_alert
look for travel alerts for china,128,travel_alert
how safe is it to travel to mongolia (how safe is mongolia),128,travel_alert
inform me if there's a travel alert for the country,128,travel_alert
i need to know the travel alerts for kenya,128,travel_alert
are there any travel alerts for russia,128,travel_alert
"are there any travel alerts i should know about for buenos aires, argentina",128,travel_alert
is there a travel alert for russia,128,travel_alert
"can you give me the travel alerts for jalisco, mexico",128,travel_alert
is it safe to travel to china,128,travel_alert
does ireland have any travel alerts i should be aware of,128,travel_alert
is it safe to travel to iceland,128,travel_alert
does spain have any travel alerts i should be aware of,128,travel_alert
if i got to indonesia is it safe,128,travel_alert
is there travel alerts for greece,128,travel_alert
does russia have any travel alerts i should be aware of,128,travel_alert
are there any new travel warnings for the us,128,travel_alert
does italy have any travel alerts i should be aware of,128,travel_alert
what are the latest travel alerts for dubai,128,travel_alert
any travel alerts for canada,128,travel_alert
does japan have any travel alerts i should be aware of,128,travel_alert
is it safe to travel to russia,128,travel_alert
i'd like to see if there's a travel alert for the country,128,travel_alert
does the country have a travel alert,128,travel_alert
are there any alerts for travelling to beirut,128,travel_alert
can i safely travel to brazil,128,travel_alert
does kenya have any travel alerts right now,128,travel_alert
are there any travel alerts for north korea,128,travel_alert
what travel alerts are there in china,128,travel_alert
does china have any travel alerts i should be aware of,128,travel_alert
is new caledonia safer than other countries,128,travel_alert
does germany have any travel alerts i should be aware of,128,travel_alert
"my card got melted in the dryer and i need to report it, please",87,damaged_card
"my card split in half, how do i report it",87,damaged_card
how do i report a melted credit card,87,damaged_card
my card broke in half and i need to report this,87,damaged_card
how report that scratched my card,87,damaged_card
my card got melted and i need to report it,87,damaged_card
"i need a report form for my damaged, demagnetized card",87,damaged_card
my card is too scratched up and i need to report it,87,damaged_card
i need to replace my credit card because i ran it over with the lawn mower,87,damaged_card
the chip on my card is damaged and i need a new one,87,damaged_card
my card was damaged by my cat; can i report that,87,damaged_card
"my card split in half, can i report it",87,damaged_card
my card fell in the toilet and now the chip does not work,87,damaged_card
my card has been erased and i need to report it,87,damaged_card
"the card is torn, let's report it",87,damaged_card
corner of my credit card is chipped off,87,damaged_card
what should i do with an unusable and damaged card,87,damaged_card
i ran my credit card over with the lawn mower and need to replace it,87,damaged_card
i can't use my card because it is broken,87,damaged_card
my card is damaged and no longer function,87,damaged_card
my dog ate my credit card and ruined it,87,damaged_card
my card is damaged so i can not use it,87,damaged_card
i can't use my damaged card,87,damaged_card
my card is partially damaged how do i report this,87,damaged_card
i need to report that my dog chewed up my card,87,damaged_card
report to the company that i damaged my card,87,damaged_card
report the card has been damaged,87,damaged_card
my card fell out of my wallet and i ran over it so it does not work,87,damaged_card
"an atm ate my card, how do i report it",87,damaged_card
i need a new card because my dog chewed on it and now it does not work,87,damaged_card
i need to report a bent card,87,damaged_card
"my card is wrecked, let's report it",87,damaged_card
"my card got melted and i need to report it, please",87,damaged_card
my card got damaged and i need to report it,87,damaged_card
my card doesn't work anymore,87,damaged_card
my card got snapped in half,87,damaged_card
my broken card won't work,87,damaged_card
"my card snapped, can you tell my bank to send a replacement",87,damaged_card
report that the card has been wrecked,87,damaged_card
the plastic numbers on my card are falling off,87,damaged_card
i want to report a broken card,87,damaged_card
call the card company and ask them to replace my card,87,damaged_card
my card is unusable because it's damaged,87,damaged_card
i demagnetized my card and want to report it,87,damaged_card
i don't know who to notify that i ran my credit card over with the lawn mower,87,damaged_card
i damaged the card; can you replace the card,87,damaged_card
"i accidentally bent my card, what do i do",87,damaged_card
my credit card snapped in half while i was fiddling with it,87,damaged_card
i accidentally put my credit card in the shredder,87,damaged_card
i dropped my card in my gasoline and the printing wore off,87,damaged_card
flip that dime,33,flip_coin
"flip that coin please, i choose heads",33,flip_coin
"flip a coin, you win with heads",33,flip_coin
would you flip a coin,33,flip_coin
please tell me if a coin lands on tails,33,flip_coin
i need to do a fair coin flip,33,flip_coin
i want a coin flip and i'll take tails,33,flip_coin
heads or tails,33,flip_coin
i want you to flip a fair sided coin,33,flip_coin
spin a coin,33,flip_coin
"flip a coin and let me know if it lands on heads or tails, please",33,flip_coin
will you flip a coin so i can make a choice,33,flip_coin
"ai, please flip a coin",33,flip_coin
i ned you to flip a coin,33,flip_coin
heads or tails i choose tails,33,flip_coin
"filp a coin, i call heads",33,flip_coin
perform a coin flip,33,flip_coin
"go ahead and flip that coin, i am choosing heads here",33,flip_coin
i want a coin flip,33,flip_coin
"ai, coin flip",33,flip_coin
"go ahead and flip a coin, i am calling tails",33,flip_coin
flip the coin,33,flip_coin
flip a coin for me,33,flip_coin
"flip a coin for me, with you calling heads",33,flip_coin
flip it please,33,flip_coin
flip a quarter,33,flip_coin
"i choose heads, now flip that coin",33,flip_coin
toss a coin and tell me what it lands on,33,flip_coin
can you do a coin flip,33,flip_coin
"please flip a coin for me, tails i win",33,flip_coin
toss a coin i will take heads,33,flip_coin
let's decide with a coin flip,33,flip_coin
please flip a coin i hope its tails,33,flip_coin
will you get a coin and flip it,33,flip_coin
flip a two sided coin and tell me what it lands on,33,flip_coin
can you flip a coin once,33,flip_coin
flip that coin please,33,flip_coin
flip a coin heads or tails,33,flip_coin
heads or tails please,33,flip_coin
i will determine it with a coin flip,33,flip_coin
"ai, heads or tails",33,flip_coin
begin the coin flip now,33,flip_coin
choose heads or tails and tell me what you came up with,33,flip_coin
flip that coin once; it must be tails,33,flip_coin
flip a coin if you will,33,flip_coin
i require a coin flip,33,flip_coin
i need you to flip a coin so i can decide,33,flip_coin
please flip a coin and tell me what side it lands on,33,flip_coin
i want you to help me make a decision by flipping a coin,33,flip_coin
i call tails for a coin flip you need to do right now,33,flip_coin
where are some good thai restaurants in las vegas,145,restaurant_suggestion
"in boston, what are the best pizza places",145,restaurant_suggestion
what mexican restaurant within 5 miles has the best reviews,145,restaurant_suggestion
"i'm hungry, where should i go",145,restaurant_suggestion
does boise have any good indian restaurants,145,restaurant_suggestion
can you recommend any restaurants,145,restaurant_suggestion
recommendations for good thai restaurants in las vegas,145,restaurant_suggestion
is there any good place for mexican food in hawaii,145,restaurant_suggestion
can you recommend an indian restaurant,145,restaurant_suggestion
can you list off 4 star restaurants,145,restaurant_suggestion
what's the best place for some thai in new york city,145,restaurant_suggestion
"i'm in the mood for italian, are there any good places around",145,restaurant_suggestion
what are some good sushi restaurants in reno,145,restaurant_suggestion
find an indian restaurant,145,restaurant_suggestion
can you recommend a decent place in chicago to get pizza,145,restaurant_suggestion
where should i go for dinner,145,restaurant_suggestion
is there any good place for vietnamese food on the east side of the island,145,restaurant_suggestion
is there a barbecue restaurant around here,145,restaurant_suggestion
i'm famished so give me some places to eat!,145,restaurant_suggestion
is there any good place in hawaii for pasta,145,restaurant_suggestion
can you tell me the best place for cajun shrimp in tampa,145,restaurant_suggestion
can you find a good steakhouse for tonight,145,restaurant_suggestion
can you find me a good restaurant to try eating at,145,restaurant_suggestion
what decent restaurants around here are italian,145,restaurant_suggestion
are there any sushi restaurants in reno that have good reviews,145,restaurant_suggestion
can you find me some good places in kentucky that serve sushi,145,restaurant_suggestion
i need to know what restaurants are near me,145,restaurant_suggestion
can you find a keto friendly restaurant,145,restaurant_suggestion
give me some good restaurants,145,restaurant_suggestion
what's a highly rated place for steak in omaha,145,restaurant_suggestion
what are some good places to eat at,145,restaurant_suggestion
any new restaurants near the mall,145,restaurant_suggestion
tell me which restaurants are good for thai food in las vegas,145,restaurant_suggestion
could you locate me some good places in kentucky that serve sushi,145,restaurant_suggestion
"i want to go out to eat but have no idea where to go, do you know of any places",145,restaurant_suggestion
do you know of any good restaurants,145,restaurant_suggestion
i am hungry and need a restaurant suggestion,145,restaurant_suggestion
could you direct me to any good places in kentucky that serve sushi,145,restaurant_suggestion
can you suggest some quality chinese restaurants in oklahoma city,145,restaurant_suggestion
any ideas on a good place to eat out,145,restaurant_suggestion
please list nearby restaurants with 4 or more star reviews,145,restaurant_suggestion
what's a good restaurant nearby,145,restaurant_suggestion
where's a good place to get some grub,145,restaurant_suggestion
can you list off different restaurants,145,restaurant_suggestion
"i'm not going to cook today, can you suggest a restaurant",145,restaurant_suggestion
what are good places for a burrito in albuquerque,145,restaurant_suggestion
is there a good fish place in salem,145,restaurant_suggestion
help me pick a nice restaurant to dine at,145,restaurant_suggestion
do you know of any good mexican restaurants in seattle,145,restaurant_suggestion
its date night and we cant decide where to go help,145,restaurant_suggestion
what is the smallest payment i can make toward my xfinity bill,143,min_payment
what is the minimum i need to pay for my cell phone bill,143,min_payment
i would like to know the minimum payment for my credit card,143,min_payment
what is the minimum amount of money required as payment for the bill,143,min_payment
what is the minimum payment for my power bill,143,min_payment
please tell me the minimum i can pay on my electric bill,143,min_payment
i want to know the bill's minimum payment,143,min_payment
what is the minimum payment for the bill,143,min_payment
minimum to pay on power bill,143,min_payment
what is the smallest i can pay on the water bill,143,min_payment
show my my minimum payment for youtube,143,min_payment
what is the minimum payment for my credit card bill,143,min_payment
i need to know what the minimum payment is on my electric bill,143,min_payment
what is the lowest amount i can pay for my cable bill,143,min_payment
show me the minimum payment for my boat bill,143,min_payment
what is my bill's minimum payment,143,min_payment
what is the minimum payment i can make on my electric bill,143,min_payment
tell me the minimum payment of my bill,143,min_payment
i would like to know my water bill minimum payment,143,min_payment
pay the minimum payment for m and t bill,143,min_payment
please give me the minimum payment total for my sprint phone bill,143,min_payment
how small of a payment can i make for my chase card bill,143,min_payment
please inform me of the minimum payment of the bill,143,min_payment
can you tell me the minimum amount due on my visa this month,143,min_payment
how tiny a payment can i make on electric bill,143,min_payment
what's the minimum required payment on my visa card,143,min_payment
what's the least amount i need to pay on the electric bill,143,min_payment
what's the smallest amount i can pay on the water bill,143,min_payment
what's the least i can pay on the medical payments for february,143,min_payment
how much is the minimum payment on my chase card,143,min_payment
what's the minimum payment for my internet bill,143,min_payment
how much is the least i can pay for power bill,143,min_payment
find the minimum due on my peco energy bill for february,143,min_payment
what is the smallest amount i can pay on my tmobile bill,143,min_payment
i would like to know the bill's minimum payment,143,min_payment
what is the lowest amount i can pay for my electric bill,143,min_payment
how little can i pay for my water bill,143,min_payment
i must know my water bill minimum payment,143,min_payment
please lookup the minimum i need to pay on my credit card,143,min_payment
"the bill's minimum payment, what is it",143,min_payment
i want you to tell me the minimum i can pay on my rent bill,143,min_payment
let me know the minimum i can pay on my cable bill,143,min_payment
tell me the minimum i can pay on my cable bill,143,min_payment
inform me the lowest amount i can pay for my cable bill,143,min_payment
what is the minimum required payment for my cell phone bill,143,min_payment
what's the minimum payment for our cc bill,143,min_payment
i want to know my bill's minimum payment,143,min_payment
what is the minimum i can pay for my light bill,143,min_payment
what is the least amount i can pay for power bill,143,min_payment
what is the minimum i can pay for my electric bill,143,min_payment
how much do i have in savings,35,balance
what's my checking balance,35,balance
what is status of my bank account,35,balance
what's my current bank savings,35,balance
what is my money market account balance,35,balance
is there enough money in my discover account for a vacation,35,balance
what is my balance in checking account,35,balance
what is remaining in my bank acccounts,35,balance
what's my savings balance at chase,35,balance
what amount of money is in my bank accounts,35,balance
is there enough money in my discover account for a new pair of jeans,35,balance
what's the total of my bank accounts,35,balance
how much do i have in my checking,35,balance
how much is left of mastercard,35,balance
what's my bank balance,35,balance
check my visa account and see if i have enough money for dinner tonight,35,balance
what is my checking account balance at chase,35,balance
how much is available in my savings account,35,balance
what is my bank balance,35,balance
could you tell me what my checking account balance is,35,balance
what's my checking account balance,35,balance
can you tell me my current bank accounts balance,35,balance
i wanna know the balance of my bank of american account,35,balance
how much is the current balance in my td bank savings account,35,balance
what is the balance of my bank accounts,35,balance
how much money do i have in my account,35,balance
i wish to know the balance of my bank of american account,35,balance
what is my bank balance for all accounts,35,balance
i wanna know my bank balance,35,balance
how much is in savings,35,balance
tell me what i have in my money market account,35,balance
savings account balance at chase bank please,35,balance
what is in my bank accounts,35,balance
can you tell me how much cash i have,35,balance
how much total cash do i have in the bank,35,balance
do i have any cash left,35,balance
can the funds in my wells fargo account cover my lift tickets,35,balance
what is my current balance on my home equity line of credit,35,balance
what is the total of my bank accounts,35,balance
what what kind money is available in my bank accounts,35,balance
what is the available balance in savings,35,balance
i need to know my bank balance,35,balance
do i have enough in my chase account for a plane ticket,35,balance
how much money is left in my bank accounts,35,balance
check chase bank for my checking balance,35,balance
what is my balance,35,balance
what is my savings account balance,35,balance
what's the balance on my bank account,35,balance
i want my checking balance at chase,35,balance
please tell me my bank balance,35,balance
what is 10 ounces in grams,31,measurement_conversion
how many centimeters are in 5 yards,31,measurement_conversion
how many kilos are in 20 pounds,31,measurement_conversion
convert 2 inches to meters,31,measurement_conversion
whats 5 feet in inches,31,measurement_conversion
how many centimeters are in an inch,31,measurement_conversion
convert inches to centimeters,31,measurement_conversion
how do you convert ounces to kilos,31,measurement_conversion
how many tablespoons are in three cups,31,measurement_conversion
how many centimeters are one inch,31,measurement_conversion
how can i change inches into meters,31,measurement_conversion
convert cm to inch,31,measurement_conversion
how many tablespoons and teaspoons is one cup,31,measurement_conversion
how do you convert pounds to kilos,31,measurement_conversion
i need to know how to convert liters into pints,31,measurement_conversion
how many quarts are in a gallon,31,measurement_conversion
how many liters are in 500 gallons,31,measurement_conversion
what's 12 feet in meters,31,measurement_conversion
"what is 10 ounces in grams, please",31,measurement_conversion
is there an easy way to change feet into inches,31,measurement_conversion
what's 8 ounces in cups,31,measurement_conversion
help me convert feet into miles,31,measurement_conversion
how many inches and centimeters would i need if i had 10 feet of something,31,measurement_conversion
what is 15 ounces in grams,31,measurement_conversion
how many teaspoons are in a half a cup,31,measurement_conversion
how do you convert pounds to kilograms,31,measurement_conversion
how many kilos are in 10 pounds,31,measurement_conversion
what would be the conversion between tablespoons and teaspoons,31,measurement_conversion
how many centimeters are in 4 inches,31,measurement_conversion
what is 22 meters in inches,31,measurement_conversion
how many crows are in 10 murders,31,measurement_conversion
how do you convert ounces to pounds,31,measurement_conversion
how do you convert ounces to grams,31,measurement_conversion
how many teaspoons in a cup,31,measurement_conversion
how many inches are in 5 feet,31,measurement_conversion
how would i go about converting inches to yards,31,measurement_conversion
tell me the conversion between tablespoons and cups,31,measurement_conversion
how many feet are in 50 yards,31,measurement_conversion
how many meters are in 10 millimeters,31,measurement_conversion
tell me what ten pounds in kilos is,31,measurement_conversion
convert inch to cm,31,measurement_conversion
what is the conversion of inches to centimeters,31,measurement_conversion
"what is 15 ounces in grams, please",31,measurement_conversion
how do you convert miles to kilometers,31,measurement_conversion
how do i convert four inches into centimeters,31,measurement_conversion
what amount of millimeters are in 50 kilometers,31,measurement_conversion
how do i convert inches and centimeters,31,measurement_conversion
how do you convert millimeters to decimeters,31,measurement_conversion
how do i change pounds into kilograms,31,measurement_conversion
how many miles is five kilometers,31,measurement_conversion
how and where are my w2 forms given,122,w2
where can i get a w2 form,122,w2
what is the location of my w2 that is needed for taxes,122,w2
can you access my w-2,122,w2
how do i get a personal w2 form,122,w2
i would like to get the forms to file for my w2,122,w2
can you tell me what the form is employers are supposed to send you for taxes and where i get it,122,w2
who has the tax form that shows my wages,122,w2
can you help me find my w-2,122,w2
where can i obtain a w2 form from,122,w2
provide me assistance on where to go to get my w2 for tax reasons,122,w2
where can i get a w2 form from,122,w2
how do i get a w2,122,w2
does my w2 come by mail,122,w2
how can i get my year end summary for taxes,122,w2
i'm having trouble locating my w-2,122,w2
where can i get the employment form i need to do my taxes,122,w2
what is the form i need to report my earnings,122,w2
i am in need of my w2 for tax reasons; provide me where to get it,122,w2
help me get a w2 to do my taxes,122,w2
do you know where my w-2 is,122,w2
can you tell me where to get a w2,122,w2
where is my w2,122,w2
where can i find my w-2,122,w2
where do i pick up a w2 form,122,w2
who has the tax form that has my wage informaton,122,w2
can you locate my w-2,122,w2
i need to find my w2 so i can do taxes,122,w2
where do i go to get my w2 for tax reasons,122,w2
where do i get the form i need for taxes,122,w2
who can send me a w2 so i can complete my taxes,122,w2
where can i get the form i need to do my taxes,122,w2
where can i locate a form for my w2,122,w2
locate my w-2 form,122,w2
how can i get my w2 to do my taxes,122,w2
have i been sent my w-2 in my email,122,w2
how do i get a w2 form and from where,122,w2
where would my w2 be found so i can do my taxes,122,w2
where do i locate the form that has my tax information,122,w2
where do i get my w2 form from,122,w2
i would like to know how to find my w-2,122,w2
i need to do taxes and have to get a w2,122,w2
"where can i get the employment document that i need to do my taxes, please",122,w2
where is the w-2 form located,122,w2
what location can i get a w2 from,122,w2
where do i get the tax form that i have to report to the irs,122,w2
where do i go to get my w-2,122,w2
i need help getting a w-2,122,w2
where can i obtain a w2 form,122,w2
what is that tax form that shows my wages and where do i get it,122,w2
i would like an uber please,39,uber
can i get an uber for five people to go to the national gallery of art,39,uber
we need an uber pool for 2 passengers going to the greenboro airport,39,uber
i need an uber to the doctor,39,uber
can i get an uber to union station for 3 riders,39,uber
"please book me an uber and enter destination penn station, new york",39,uber
i need to uber somewhere,39,uber
can you get me an uber to the science museum,39,uber
i need an uber for 7 people to go to safire restaurant,39,uber
i would like to get an uber to the movies,39,uber
ai i have 4 people need to get to get me uber,39,uber
get an uber to take me to my brother's house in mineola,39,uber
ai i need to go to charlies with eight adults can you get uber,39,uber
i need an uber for 2 for orlando,39,uber
can you send me an uber to go to a restaurant in downtown phoenix,39,uber
i want to reserve an uber to go to the airport,39,uber
call an uber to mark's house,39,uber
i would like to request an uber please,39,uber
can i get an uber for 4 to the mall,39,uber
i need to get an uber for three people to go to the zoo,39,uber
i need an uber reserved to take me to the restaurant,39,uber
get an uber to the airport,39,uber
are there any ubers available that fit 5 people we are going to wendys,39,uber
i need an uber that fits ten people to go to chipotle,39,uber
get me an uber for 4 heading to miam,39,uber
call an uber to mcdonalds,39,uber
schedule an uber for 3 to go to the airport,39,uber
i want to get an uber for one person to go to the library,39,uber
i need an uber for 3 passengers to go to madison square garden,39,uber
schedule an uber to the mall,39,uber
i want to book uber for 3 people to union station,39,uber
find an uber xl to take me to the kroger near me,39,uber
"i would like an uber going to atlantic city, new jersey",39,uber
can i get a car to the baseball field for 12,39,uber
call an uber that fits 5 people that are on their way to wendys,39,uber
i am stranded and need uber,39,uber
schedule me an uber to the mall,39,uber
i need to catch an uber to cal expo,39,uber
please order an uber for me to go to the zoo,39,uber
i need an uber to class tonight on the mainline campus,39,uber
please book an uber for chima's,39,uber
help me get an uber to ann arbor,39,uber
"uber, i have 3 people who are going to union station",39,uber
set me up with an uber,39,uber
"i would like an uber going to the train station, please",39,uber
can you please reserve my uber to go to devon's seafood restaurant,39,uber
can you call an uber for 2 to go to proof on main,39,uber
i am in need of an uber to the hospital,39,uber
i need an uber to times square asap,39,uber
i want an uber,39,uber
can you add cherrios to my shopping list,125,shopping_list_update
add eggs to my shopping list and remove cheese,125,shopping_list_update
write apples on my shopping list,125,shopping_list_update
i want you to add milk on my shopping list unless it is already on it,125,shopping_list_update
my shopping list should have carrots on it,125,shopping_list_update
maybe we can put blank cds on my list for shopping,125,shopping_list_update
"is bacon on my shopping list, add if it's not",125,shopping_list_update
add flour to my shopping list if it's not already on it,125,shopping_list_update
"please add milk on my shopping list, if it is not already on it",125,shopping_list_update
put spaghetti on my shopping list cause i'm out of it please,125,shopping_list_update
add sprite to my shopping list,125,shopping_list_update
i need oranges on my shopping list,125,shopping_list_update
take carrots off my list for shopping,125,shopping_list_update
please make sure oranges are on my shopping list,125,shopping_list_update
do me a favor and put sharpies on my list for shopping,125,shopping_list_update
"is the milk on the shopping list if not, please add",125,shopping_list_update
delete ice cream from my shopping list,125,shopping_list_update
i need to add cherrios to the grocery list,125,shopping_list_update
get rid of butter on my shopping list,125,shopping_list_update
can you put oranges on my shopping list,125,shopping_list_update
remove carrots from my shopping list and add soda,125,shopping_list_update
i need for you to remove milk from my shopping list and add bread,125,shopping_list_update
"do i have bananas on my list, if not please put them on the list",125,shopping_list_update
please remove ginger ale from my shopping list and add root beer,125,shopping_list_update
put milk on my shopping list cause i'm out of it,125,shopping_list_update
add mountain dew to my list for shopping,125,shopping_list_update
"is paprika listed on my shopping list, please add it",125,shopping_list_update
i want to remove milk from my shopping list and add bread,125,shopping_list_update
"go ahead and erase cashews from my list, and add walnuts to it, please",125,shopping_list_update
please take away the fries from the shopping list,125,shopping_list_update
x on the shopping list please,125,shopping_list_update
add groceries to my shopping list as i am out,125,shopping_list_update
would you remove bread from my shopping list and add bread,125,shopping_list_update
i need to delete tomatoes from my shopping list and add onions instead,125,shopping_list_update
remove chips from my shopping list,125,shopping_list_update
remove fries from my shopping list,125,shopping_list_update
i need you to add creamer to my shopping list,125,shopping_list_update
take fresh carrots off my shopping list,125,shopping_list_update
add bread to my list of groceries,125,shopping_list_update
"on my shopping list, remove bread and add milk",125,shopping_list_update
are bananas on my shopping list can you add them if they aren't,125,shopping_list_update
can you put detergent on my shopping list cause i'm all out,125,shopping_list_update
can you take frozen food of my shopping list,125,shopping_list_update
would you add bananas to my shopping list as i am out,125,shopping_list_update
can you add carrots to my shopping list and delete potatoes,125,shopping_list_update
remove corn from my shopping list,125,shopping_list_update
can you take carrots off my shopping list and add soda,125,shopping_list_update
please add sugar to my shopping list if it's not on it,125,shopping_list_update
make sure to put extra paint on the list,125,shopping_list_update
delete soda from my shopping list and add water to it,125,shopping_list_update
my name's frank,144,change_user_name
my name is john,144,change_user_name
i want to be called mollie,144,change_user_name
they call me josh,144,change_user_name
can i change my nickname,144,change_user_name
i'd like you to refer to me as bob,144,change_user_name
call me carrie,144,change_user_name
i go by stefan,144,change_user_name
my friends call me sam,144,change_user_name
"my name is stu, not sue!",144,change_user_name
can i have you call me something else,144,change_user_name
call me ishmael,144,change_user_name
can i change what you call me,144,change_user_name
you can call me alan,144,change_user_name
only call me dan,144,change_user_name
i want you to start referring to me as lucky,144,change_user_name
"please stop calling me dave, my name's bob",144,change_user_name
can you call me something else,144,change_user_name
please call me johnny,144,change_user_name
call me mary,144,change_user_name
change my name to master,144,change_user_name
is there a way i can change the name you use to address me,144,change_user_name
feel free to call me jim,144,change_user_name
please change my name to loverboy,144,change_user_name
my name's bob,144,change_user_name
call me frank,144,change_user_name
you can call me al,144,change_user_name
you can call me carrie,144,change_user_name
you can refer to me as frank,144,change_user_name
you can call me sarah,144,change_user_name
call me stevie,144,change_user_name
i need to change my username,144,change_user_name
i want to be called by mary,144,change_user_name
i need you to call me mary,144,change_user_name
"hi, i'm john",144,change_user_name
talk to me by calling me this name from now on,144,change_user_name
i would like you to call me mary,144,change_user_name
just call me sam,144,change_user_name
i need to change my name to something else for you to call me,144,change_user_name
the name i go by is sandy,144,change_user_name
you can call me jeff,144,change_user_name
i want you to call me lord,144,change_user_name
i go by ted,144,change_user_name
you can call me steve,144,change_user_name
they call me john,144,change_user_name
i want you to call me pam,144,change_user_name
my name is brad,144,change_user_name
change the name that you call me,144,change_user_name
i'd like you to call me something different,144,change_user_name
people call me gary,144,change_user_name
what is 2+2,138,calculator
what is 10 + 20,138,calculator
"can you tell me what 30% off 235 is, please",138,calculator
help me with math,138,calculator
what is 4 x 4,138,calculator
what is 750 divided by 5,138,calculator
what's 3 plus 3,138,calculator
what is 5 x 4,138,calculator
what is 005 percent of 1 percent,138,calculator
what is 2 + 2,138,calculator
what is 10 to the 12th power,138,calculator
what is 38% of 389209,138,calculator
what is 562 times 400,138,calculator
how much is 50 plus 756,138,calculator
what is 900 times 8,138,calculator
what is 55 times 300,138,calculator
what is 3/4 of 18,138,calculator
what is 80980 + 098098 + 80980 + 1243,138,calculator
what is the square root of 31,138,calculator
what is an 18 percent tip on 20 dollars,138,calculator
what is the square root of 144,138,calculator
what is 20 times 20 times 30,138,calculator
how many times does 8 go into 2000,138,calculator
what is 13 times 45,138,calculator
what does 2 + 2 equal,138,calculator
i need you to help me with some math if you can,138,calculator
can you tell me what is 18 percent of $2500,138,calculator
what is 34 times 80908,138,calculator
what is 7 x 7,138,calculator
can you help me solve a math problem,138,calculator
please help with my math,138,calculator
what is 22+ 6,138,calculator
what is the square root of 5,138,calculator
subtract 85 from 997,138,calculator
can you tell me what 30% off 235 is,138,calculator
can you help me do math,138,calculator
i need to know what is 85% of $1500,138,calculator
what is the square root of 10294,138,calculator
what is 1 fifth times 2 fifths,138,calculator
if i win 200000 how do i split it 7 ways,138,calculator
what is the sum of 3 plus 5,138,calculator
subtract 100 from 12,138,calculator
what is 10000 divided by 20,138,calculator
what is 1785 minus 334 minus 87 plus 374 minus 400 plus 17,138,calculator
what is 60 percent off of 350 dollars,138,calculator
can you do a math problem,138,calculator
what is 8 factorial,138,calculator
add twelve and twelve please,138,calculator
what is the square root of 10500,138,calculator
"could you tell me what 30% off 235 is, please",138,calculator
"could you check if my order has been delivered, please",84,order_status
check on the status of my order,84,order_status
"can you check to see if my order has been delivered, please",84,order_status
can you find my package in transit,84,order_status
check up on the status of my online order,84,order_status
has my order been shipped,84,order_status
where is my order,84,order_status
when can i expect to receive the order,84,order_status
can you see if my order was delivered,84,order_status
did my order ship,84,order_status
could you check to see if my order has been delivered,84,order_status
has my delivery order arrived yet,84,order_status
has the order that i placed arrived,84,order_status
help me find my package,84,order_status
where's my package,84,order_status
look up the status of the order i placed online,84,order_status
show me where my order is,84,order_status
where is my delivery order,84,order_status
can you tell me if my last amazon order is coming today,84,order_status
could you please track my package,84,order_status
where's my package right now,84,order_status
"i ordered for delivery, has is arrived yet",84,order_status
do you know where my package is,84,order_status
when will my package arrive,84,order_status
how soon will me package arrive,84,order_status
track my package please,84,order_status
when can i expect my order,84,order_status
will my order be here by saturday,84,order_status
"i just placed my order today, what is the status of it",84,order_status
"hey, i just put in my order and i was wondering what the status of it",84,order_status
can you check on the status of my orders at amazon,84,order_status
"track package, please",84,order_status
can you help me find my package,84,order_status
"i ordered some curtains off amazon, can you tell me if it's been shipped yet",84,order_status
what's going on with my order,84,order_status
what is the tracking on my package,84,order_status
has my online order shipped yet,84,order_status
can you give me a status update on my online order from amazon,84,order_status
what is the status of my recent order,84,order_status
was my order dropped off,84,order_status
is my order shown as delivered,84,order_status
are you able to tack my package,84,order_status
is my package able to be tracked by you,84,order_status
i need an update on my online order from nespresso,84,order_status
has my delivery order showed up,84,order_status
order status,84,order_status
"check status on my deliver, has it been delivered",84,order_status
what is the status of my order,84,order_status
is the packaged delivered already,84,order_status
are you able to track my package,84,order_status
how long can you keep chicken in the freeze before it goes bad,54,food_last
i've had eggs in the fridge since monday are they safe eat,54,food_last
what is the expiration date of the milk,54,food_last
how long does cottage cheese keep in the fridge,54,food_last
how long will eggs last in the fridge,54,food_last
when will my milk be no good,54,food_last
what is the length of time i can leave pork in the fridge,54,food_last
cut cucumbers can stay in the fridge for how long before spoiling,54,food_last
"it seems to be that i have had pizza in the fridge since monday, so is it safe to eat",54,food_last
how long does it take for dough in the freezer to go off,54,food_last
i got to know how long can i keep pizza in the freezer for before it goes bad,54,food_last
how long can i keep macaroni in the fridge before it spoils,54,food_last
"i have tomatoes from tuesday, do you think those are still good",54,food_last
i need to know how long can i keep pizza in the freezer for before it goes bad,54,food_last
is the tofu i put in the fridge tuesday still edible today,54,food_last
i wanna know how long can i keep pizza in the freezer for before it goes bad,54,food_last
when does milk expire,54,food_last
has the leftover hamburger from last saturday gone bad,54,food_last
when does pork go bad in the fridge,54,food_last
"it turns out i have had pizza in the fridge since monday, so is it safe to eat",54,food_last
how long can pizza be in the fridge,54,food_last
ribs can stay in the fridge for how long before they turn,54,food_last
how long is it safe to leave a burger in the refrigerator,54,food_last
so how long can pizza last in the fridge,54,food_last
is there a limit to how long you can store bread in the freezer,54,food_last
how long does it take tomatoes to expire,54,food_last
how long is it safe to leave shrimp in the fridge,54,food_last
how long do i have before frozen chicken will go bad,54,food_last
when will my eggs go bad,54,food_last
"so it seems i have had pizza in the fridge since monday, so is it safe to eat",54,food_last
what's the time frame for hamburger stored in the freezer to go bad,54,food_last
is it safe to eat chicken that has been in the fridge since monday,54,food_last
how long can i expect to keep steak in the freezer,54,food_last
"i have had pizza in the fridge since monday, so is it safe to eat",54,food_last
how long will steaks last in the freezer,54,food_last
the milk will expire when,54,food_last
how long will my milk be good in the fridge,54,food_last
how long does it take frozen steaks to go bad,54,food_last
how long are eggs good for,54,food_last
how long can i keep avocados in the fridge before they go bad,54,food_last
what's the shelf life of guacamole in the fridge,54,food_last
can i eat the eggs i've had in the fridge since 2/21,54,food_last
is it okay to eat chicken that i put in the fridge on monday,54,food_last
give me the length of time that i can leave milk in my fridge,54,food_last
how long can i keep pizza in the freezer for before it goes bad,54,food_last
how long until pork spoils in the fridge,54,food_last
how long can i leave pizza in the fridge,54,food_last
when do ribs expire,54,food_last
"i have had pasta in the fridge since monday, can is till consume it",54,food_last
tell me when the milk will expire,54,food_last
go back to factory settings please,88,reset_settings
i want you to reset your factory settings,88,reset_settings
do a hard reset,88,reset_settings
revert to your factory settings,88,reset_settings
change back to your initial settings please,88,reset_settings
"revert to your factory settings, please",88,reset_settings
reset to your natural settings,88,reset_settings
refresh to factory defaults,88,reset_settings
would you please reboot yourself to factory settings,88,reset_settings
i need you to reset your factory settings,88,reset_settings
change to factory settings now,88,reset_settings
i want to go back to the factory settings,88,reset_settings
reset to original settings,88,reset_settings
go back to factory settings now,88,reset_settings
please go back to the original settings,88,reset_settings
go ahead and reset your factory settings,88,reset_settings
i would like you to revert to your factory settings,88,reset_settings
please reconfigure yourself back to factory settings,88,reset_settings
could you reset your factory settings please,88,reset_settings
go back to initial factory state,88,reset_settings
i want to reset your settings to the original,88,reset_settings
i want you to reset to brand new please,88,reset_settings
do a hard reset to factory settings,88,reset_settings
reset to default settings,88,reset_settings
change settings to how they were originally,88,reset_settings
go ahead and go back to the original settings,88,reset_settings
make the settings go back to the original,88,reset_settings
"revert back to your factory settings, please",88,reset_settings
restore your original settings now,88,reset_settings
go to default setting,88,reset_settings
go back to the original settings now,88,reset_settings
you need to go back to the original settings,88,reset_settings
go back to your original settings,88,reset_settings
reset to default settings please,88,reset_settings
please reset the factory settings,88,reset_settings
i want to put you back to original settings,88,reset_settings
i'd like to switch back to my factory settings,88,reset_settings
please go back to to factory settings now,88,reset_settings
let's go to default settings,88,reset_settings
help me get my device back to it's factory settings,88,reset_settings
i want you reset to factory settings,88,reset_settings
i'd like to reset to factory settings,88,reset_settings
reset the factory settings if possible,88,reset_settings
clear all settings in a reset,88,reset_settings
go back the the settings you had originally,88,reset_settings
i'd like to revert to factory settings,88,reset_settings
you got to go back to factory settings now,88,reset_settings
go to factory settings,88,reset_settings
return to your original settings,88,reset_settings
please go back to your factory settings,88,reset_settings
are there any meetings on the calendar for today,19,meeting_schedule
when is my meeting with roger,19,meeting_schedule
do i have any meetings planned for today,19,meeting_schedule
tell me the meeting schedule for the day,19,meeting_schedule
"for today only, how many meetings are with jake",19,meeting_schedule
tell me the meeting schdule please,19,meeting_schedule
do i have any meetings with dave today,19,meeting_schedule
what do i have going on between 9 and 10,19,meeting_schedule
are any meetings scheduled for today,19,meeting_schedule
do i have any meetings scheduled between 3 and 5 pm today,19,meeting_schedule
let me hear all meetings for today,19,meeting_schedule
do you see any meetings with john on my schedule today,19,meeting_schedule
what meetings are on my calendar,19,meeting_schedule
bring up any mettings for today,19,meeting_schedule
please list my meetings for today,19,meeting_schedule
"tell me my scheduled meetings for today only, please",19,meeting_schedule
when is my meeting with dan scheduled for,19,meeting_schedule
do i have any meetings today between 5 and 6,19,meeting_schedule
tell me when my meeting is scheduled with roger,19,meeting_schedule
what meetings are scheduled for today,19,meeting_schedule
are there meetings schedules today between noon and one,19,meeting_schedule
when is the meeting with homer scheduled for,19,meeting_schedule
do i have any meetings scheduled for today,19,meeting_schedule
what times are my meetings,19,meeting_schedule
is mr ceo waiting me now,19,meeting_schedule
what meetings do i have today from 3 to 4,19,meeting_schedule
am i scheduled to meet with heather today,19,meeting_schedule
when is today's meeting with john,19,meeting_schedule
is the gang getting together this afternoon,19,meeting_schedule
share my meeting schedule with me,19,meeting_schedule
what is on my schedule between 10:00 am and 11:00 am,19,meeting_schedule
what meetings do i have scheduled today,19,meeting_schedule
what meetings are on my schedule today between 1:00 pm and 4:00 pm,19,meeting_schedule
on what day is my meeting with dr lee,19,meeting_schedule
how many total meetings will i have between 2 and 5,19,meeting_schedule
what's on my meeting schedule today,19,meeting_schedule
what are my meetings today,19,meeting_schedule
what meetings are on my schedule today,19,meeting_schedule
do i have meetings scheduled today,19,meeting_schedule
do i have many meetings today between 2 and 4,19,meeting_schedule
when is my meeting with bob,19,meeting_schedule
i need to know if i have any meetings scheduled for today,19,meeting_schedule
what is the meeting schedule today,19,meeting_schedule
what meetings do i have today between noon and one,19,meeting_schedule
how many meetings do i have scheduled between 10 and 3,19,meeting_schedule
do i have any meetings with stan today,19,meeting_schedule
any meetings on the schedule today,19,meeting_schedule
please list my meetings for today from 8:00 am to 2:00 pm,19,meeting_schedule
did i schedule any meetings for today,19,meeting_schedule
tell me how many meetings with pete i have for today,19,meeting_schedule
what's the current timezone in barcelona,66,timezone
please search for portland's timezone,66,timezone
what timezone is miami in,66,timezone
what's the timezone for brasilia,66,timezone
what timezone does lisbon have,66,timezone
how is miami time zone like,66,timezone
what timezone is reno in,66,timezone
what is the timezone for quito,66,timezone
i need to know what timezone sedona is in,66,timezone
which timezone is france in,66,timezone
what timezone is lima in,66,timezone
what's chicago's time zone,66,timezone
french time zone,66,timezone
what is the time zone of france,66,timezone
i would like information on france's timezone,66,timezone
time zone in france,66,timezone
what timezone is japan in,66,timezone
tell me the timezone las vegas is in,66,timezone
what timezone is chicago in,66,timezone
whats the timezone for san fransico,66,timezone
tell me the timezone that spain is in,66,timezone
italy's timezone is what,66,timezone
do you know what the timezone is in reno,66,timezone
the timezone of italy is what,66,timezone
for italy what timezone is it in,66,timezone
can you tell me denver's timezone,66,timezone
in what timezone is nigeria,66,timezone
what timezone is dallas in,66,timezone
what timezone is detroit in,66,timezone
do you know what timezone italy is in,66,timezone
can you tell me which timezone is cambodia in,66,timezone
time zone in miami is what like,66,timezone
could you tell me what timezone reno is in,66,timezone
what timezone is scotland in,66,timezone
which timezone is colombia,66,timezone
i wanna know what timezone spain is in,66,timezone
nigeria is in which time zone,66,timezone
which timezone is england in,66,timezone
what timezone is boise in,66,timezone
what timezone would i be in if i traveled to moscow,66,timezone
does phoenix have a different timezone,66,timezone
what timezone do they use in la,66,timezone
what timezone is russia in,66,timezone
what's the time zone in miami,66,timezone
does the central timezone include austin,66,timezone
what timezone is los angeles in,66,timezone
what timezone is new york in,66,timezone
reno's timezone is what,66,timezone
what timezone is china in,66,timezone
what timezone is london is,66,timezone
is it possible to make an order for more checkbooks for my chase bank account,127,order_checks
order more checkbooks for my community account,127,order_checks
"can you order me more checks, please",127,order_checks
can i order for more checkbooks for my chase bank account,127,order_checks
can you get me more checkbooks for my southern account,127,order_checks
does my great western bank account allow me to order more checkbooks,127,order_checks
can i get more checkbooks for my bank of america checkings account,127,order_checks
can i get new checks to replace the ones we ran out of,127,order_checks
i need to order more checks for my savings account,127,order_checks
i would like to get some more checkbooks mailed to me,127,order_checks
is it possible to order more checkbooks for my chase bank account,127,order_checks
can you show me how to get more checkbooks by mail,127,order_checks
i would like to place an order for more checkbooks to me mailed to me,127,order_checks
"ai,please order some checks for my usbank account",127,order_checks
would you please order me more checkbooks for my b of t account,127,order_checks
"i need to order checks, so can i order some new ones",127,order_checks
help me get some new checks since i ran out of them,127,order_checks
i don't have checks so can i order some new ones,127,order_checks
make an order for new checbooks on my td checking please,127,order_checks
order more checks,127,order_checks
is it possible to get more checkbooks for my navy fed account,127,order_checks
i'd love to order some more checks for my checking account,127,order_checks
"i'd like to get some more checkbooks mailed to me, if i can",127,order_checks
how can i order some more checks for my checking account,127,order_checks
order some new checks to replace the ones i ran out of,127,order_checks
i must order some more checks for my checking account,127,order_checks
is it possible to get more checkbooks for my wells fargo checkings,127,order_checks
i want to order some more checks for my savings account,127,order_checks
i wanna get some new checks cause i ran out of them,127,order_checks
"ai, research usbank options to order more checks",127,order_checks
"ai, where do i go to order checks for my usbank account",127,order_checks
please show me how to order more checks for my savings account,127,order_checks
"i recently ran out of checks, so i wanna get some new ones",127,order_checks
how do i order new checks,127,order_checks
i do need to get some more checkbooks mailed to me,127,order_checks
how can i order more checks since i do not have any more,127,order_checks
i would like to order additional checkbooks to me mailed to my home address,127,order_checks
can you explain to me how to get some more checkbooks mailed to me,127,order_checks
how do i place an order for more checks for my bank of america account,127,order_checks
i need new checks,127,order_checks
"ai, show me online options to order more checks for my usbank account",127,order_checks
i'm in need of checks for bank of america,127,order_checks
i need to order new checks,127,order_checks
i used the last check so i want you to help me order more,127,order_checks
how can i order more checkbooks by mail,127,order_checks
i wanna order some more checks for my checking account,127,order_checks
how can i get more checks for my commerce bank checking account,127,order_checks
can you order me more checks at wells fargo,127,order_checks
how do i order checks for my savings account,127,order_checks
will it be possible to order for more checkbooks for my chase bank account,127,order_checks
what did i spend on groceries this month,71,spending_history
how much have i spent on starbucks since the beginning of 2019,71,spending_history
what did car insurance run me this year,71,spending_history
how much did i spend on food,71,spending_history
have i been spending a lot on food lately,71,spending_history
how much did i spend on movies last week,71,spending_history
i need to know what i spend on utilities for the last year,71,spending_history
can you tell me my spending history from last week,71,spending_history
how much have i paid for rent in the last 6 months,71,spending_history
where did all my money go this month,71,spending_history
how much have i spent on bills recently,71,spending_history
have i been giving lot of money to food to food lately,71,spending_history
how much have i spent on shoes,71,spending_history
what was the total i spent at home depot last month,71,spending_history
did i go out to eat more than usual,71,spending_history
i have been spending a lot on insurance lately,71,spending_history
have i been spending a lot on shoes lately,71,spending_history
how much have i spent eating out this week,71,spending_history
have i been spending a lot on groceries lately,71,spending_history
how much money did i spend yesterday,71,spending_history
did i spend a lot on shoes recently,71,spending_history
what have i spent lately in child care,71,spending_history
how much have i spent on shoes lately,71,spending_history
could you tell me how much money i spent last week,71,spending_history
how much money have i dropped recently,71,spending_history
what's the amount of money i spent yesterday,71,spending_history
how much have i spent on food in the past week,71,spending_history
i need to know what i have spent on food recently,71,spending_history
how much did i spend on lunches last week,71,spending_history
have i been spending more money at restaurants,71,spending_history
how much have i paid in medical expenses recently,71,spending_history
what's my going out to eat tab this month vs last month,71,spending_history
how much money did i spend at starbucks in the last week,71,spending_history
have i been spending a lot on take out lately,71,spending_history
i have been spending a lot on utility bills lately,71,spending_history
what have i spent over the last few days,71,spending_history
how much money have i spent this week,71,spending_history
could you check my account and let me know how much i spent on food in january,71,spending_history
have i been spending a ton of money on movies lately,71,spending_history
how much have i spent on clothes recently,71,spending_history
how much money did i spend on food last month,71,spending_history
have i have been spending a lot of money on shoes,71,spending_history
how much do i spend going out to eat,71,spending_history
what have i spent on food recently,71,spending_history
could you tell me how much i've spent over the past two weeks,71,spending_history
how much did i spend on gas last week,71,spending_history
what's the total amount i've spent eating out in the last two weeks,71,spending_history
how much did i spend this week,71,spending_history
have i been spending a lot on roast beef lately,71,spending_history
how much did i spend on christmas gifts in december,71,spending_history
it looks like someone made an unauthorized amazon purchase on my account,70,report_fraud
turns out i made a fraudulent transaction,70,report_fraud
someone misused my card and put fraudulent transactions on it,70,report_fraud
"i need to report fraudulent activity on my visa card, please",70,report_fraud
looks like someone made an unauthorized charge to nike on my account,70,report_fraud
i think the charge for uber on my account is fraudulent,70,report_fraud
"""please contact my credit card company to report fraudulent activity on",70,report_fraud
i think someone stole my card and used it,70,report_fraud
i think someone made an illegal charge to my card,70,report_fraud
i have detected fraudulent activity on my account,70,report_fraud
there seems to be fraudulent activity,70,report_fraud
i suspect some suspicious activity,70,report_fraud
i'm afraid there is a false transaction on my account,70,report_fraud
i think my chase account has been compromised and fraud committed,70,report_fraud
report fraudulent activity on my debit card,70,report_fraud
my card has purchases i don't recognize,70,report_fraud
i think i've been the victim of fraud,70,report_fraud
i see a purchase on my chase checking that i did not make,70,report_fraud
i spotted a fraudulent transaction from microsoft on my account,70,report_fraud
there is an unauthorized transaction on my bank of america checking,70,report_fraud
this costco charge looks fraudulent,70,report_fraud
i have suspicious charges on my discovery card,70,report_fraud
"i want to report fraudulent activity on my amex card, please",70,report_fraud
"""i need to report fraudulent activity to my card company",70,report_fraud
so i made a fraudulent transaction,70,report_fraud
how do i let visa know about a charge i didn't make,70,report_fraud
how do i report fraud on my discover card,70,report_fraud
it seems someone conducted a fraudulent transaction on my account,70,report_fraud
i have a fraudulent transaction from fry's on my account,70,report_fraud
i have a fraudulent transaction from red robin on my account,70,report_fraud
my account has a fraudulent transaction i think,70,report_fraud
can you report credit card fraud for me,70,report_fraud
i need to talk to someone about a transaction that was not made by me on my chase account,70,report_fraud
i see a suspicious transaction in my account history,70,report_fraud
i need to report some fraudulent card activity,70,report_fraud
i suspect fraudulent transaction,70,report_fraud
please report information about activity on my credit card,70,report_fraud
i have charges on my amex card i didn't make,70,report_fraud
how do i report a fraudulent charge on my visa,70,report_fraud
can you help me deal with this fraudulent transaction from verizon on my account,70,report_fraud
i think there's fraud on my account,70,report_fraud
i'm reporting fraudelent activity on my card,70,report_fraud
i have a fraudulent transaction from wal mart on my account,70,report_fraud
i need to report a fraudulent transaction from postmates on my account,70,report_fraud
"i want to report fraudulent activity on my visa card, please",70,report_fraud
i'm pretty sure this charge from sam's club is fraudulent,70,report_fraud
send fraudulent activity information,70,report_fraud
i believe there are fraudulent charges on my card how can i report them,70,report_fraud
there are some questionable charges on my card,70,report_fraud
i have activity on my bank of america card i don't recognize,70,report_fraud
"my car battery is dead, what do i do now",17,jump_start
how do i start my car battery,17,jump_start
what should i do if my car battery is dead,17,jump_start
can you help me with the steps to jump start my car,17,jump_start
how do i jump start a battery,17,jump_start
please help me figure out how to jump start my car,17,jump_start
what do i do to jump start my car,17,jump_start
what should i do if my car battery dies,17,jump_start
tell me how to jump start my dead battery,17,jump_start
how do i fix a dead car battery,17,jump_start
what are my options for jump starting my battery,17,jump_start
how do i jump my car,17,jump_start
my battery is dead so how can i get it going again,17,jump_start
can you tell me how to jump a car,17,jump_start
what are the steps to jump start my car,17,jump_start
tell me how to jump start my own car battery,17,jump_start
can you tell me how to jump start the car,17,jump_start
what's the method of jumping my car,17,jump_start
what will i need to jump start a dead car,17,jump_start
closest auto parts store to find replace for dead car battery,17,jump_start
i need rules for jump starting,17,jump_start
guide me through jump starting a car,17,jump_start
my car is dead can you tell me how to jump start it,17,jump_start
i need to know how to jump start my car,17,jump_start
inform me on the directions to jump start my car,17,jump_start
what's next when it seems there's a dead car battery,17,jump_start
what do you need to jump a car,17,jump_start
"i don't know how to jump start my car, help!",17,jump_start
how do i jump start my car battery,17,jump_start
find repair shop that will diagnosis dead car battery,17,jump_start
tell me how to jump start a battery,17,jump_start
how can i start my car using a jump start,17,jump_start
"my car battery died, what should i do",17,jump_start
what are some ways to jump start a car,17,jump_start
what's the best way to jump start a kia,17,jump_start
what is the procedure to jump start a car,17,jump_start
how does one jump a car,17,jump_start
how do i jump start a fiat,17,jump_start
what do i do to jump start my battery,17,jump_start
"my car needs to be jump started, guide me through it",17,jump_start
can you tell me how to jump my car,17,jump_start
how do you go about jump starting a car battery,17,jump_start
what do i do when my car battery is dead,17,jump_start
how do i jump start my vehicle,17,jump_start
help needed to jump start my car,17,jump_start
help me jump start my car,17,jump_start
do you have instructions on jump starting a chevy,17,jump_start
i need to jump start my car what do i do,17,jump_start
"if my car battery is dead, what action do i need to do",17,jump_start
what do i do if my car battery is dead,17,jump_start
that's completely false,30,no
that's not true,30,no
"that's not right, so no",30,no
nope,30,no
no way!,30,no
no don't do that!,30,no
i think not,30,no
that's a negative,30,no
i say negative,30,no
that’s actually wrong,30,no
"no, that can't be right",30,no
definitely not,30,no
that is not true,30,no
no thanks,30,no
not true,30,no
not that one,30,no
that's not right it's false,30,no
"no, don't do that",30,no
"no, that is my response",30,no
nada,30,no
that is not correct,30,no
no thank you,30,no
"i don't like that, no",30,no
that would be a no,30,no
i think it is false,30,no
i'll pass,30,no
that’s not correct,30,no
what you just said is wrong,30,no
no is the answer,30,no
nay,30,no
i must say no,30,no
the answer is no,30,no
the information is wrong,30,no
i would have to say the answer to that is no,30,no
"no, that is inaccurate",30,no
no!,30,no
what you just said is false,30,no
that is a completely false statement,30,no
the answer is false,30,no
i would say that the statement is definitely false,30,no
i do not believe that that is correct,30,no
i believe that to be false,30,no
"i don't believe that is possible, it is false",30,no
no that isn't it,30,no
that is not right,30,no
no that isn't the case,30,no
it's a no,30,no
i gotta say no,30,no
not that,30,no
that is overwhelmingly false,30,no
tell me the company that produces you and similar machines,96,who_made_you
who invented you,96,who_made_you
what company wrote your code,96,who_made_you
i want to know who made you,96,who_made_you
to which company is your design accredited to,96,who_made_you
what company coded you,96,who_made_you
who fabricated you,96,who_made_you
what's your design company,96,who_made_you
the programmer who made you is who,96,who_made_you
who made this ai,96,who_made_you
what company manufactured you,96,who_made_you
who gave you life,96,who_made_you
do you know who you came from,96,who_made_you
i'd like to know who made you,96,who_made_you
what company sponsored you,96,who_made_you
may i know who made you,96,who_made_you
who was the inventor of ai,96,who_made_you
who made the ai,96,who_made_you
i am needing to know who made you,96,who_made_you
how did you come to be you,96,who_made_you
ai was made by whom,96,who_made_you
tell me what company programmed you,96,who_made_you
i need to know who programmed you,96,who_made_you
you were built by who,96,who_made_you
provide me the name of who made you,96,who_made_you
how were you made,96,who_made_you
give me an answer to who made you,96,who_made_you
how was this ai created,96,who_made_you
who brought you up,96,who_made_you
who formed you,96,who_made_you
would you tell me who made the ai,96,who_made_you
who supplied your instructions,96,who_made_you
what company created you,96,who_made_you
by which company are you designed by,96,who_made_you
can you remember who compiled you,96,who_made_you
who is your originator,96,who_made_you
will you tell me who made the ai,96,who_made_you
let me know who made you,96,who_made_you
who built you,96,who_made_you
would you let me know who programmed you,96,who_made_you
who developed your actions,96,who_made_you
tell me who programmed you,96,who_made_you
what's your brand,96,who_made_you
who was your programmer,96,who_made_you
what's the name of the company that designed you,96,who_made_you
whats it like to be programmed,96,who_made_you
who designed you,96,who_made_you
who is this ai's creater,96,who_made_you
i'm needing to know who made you,96,who_made_you
what company owns your code,96,who_made_you
i need to know the interest rate on my bank of america cd account,7,interest_rate
please tell me my current interest rate for my home equity line of credit,7,interest_rate
i need the interest rate on my capital one account,7,interest_rate
could you help me find the interest on my chase account,7,interest_rate
how do i know the interest rate for my signature account,7,interest_rate
can i find out my checking interest rate online,7,interest_rate
my interest rate please,7,interest_rate
"if i'm using citibank, what is the interest rate",7,interest_rate
does my checking interest rate seem low,7,interest_rate
i need to find the interest rate for my checking account,7,interest_rate
what is the interest rate i am receiving from the start of the year,7,interest_rate
how are the interest rates at chase bank,7,interest_rate
is there any info on my savings interest rate online,7,interest_rate
what do i need to do to look up my 1st republic account's interest rate,7,interest_rate
let me know what my interest rate is,7,interest_rate
i need to know my interest rate,7,interest_rate
what's the interest rate for my checking account,7,interest_rate
please tell me what i can expect my bank of america interest rate to be,7,interest_rate
can you tell me the interest rate,7,interest_rate
what interest rate am i paying,7,interest_rate
what is the interest rate on my bank of america credit card,7,interest_rate
let me know my ally interest rate,7,interest_rate
what's the interest rate i have from illinois national,7,interest_rate
i have to find the interest rate for my checking account,7,interest_rate
is my savings interest rate too high,7,interest_rate
what is my interest rate payment,7,interest_rate
how percentage am i earning annually on my account,7,interest_rate
i need to know my b of a interest rate,7,interest_rate
will you tell me the interest rate,7,interest_rate
i really need to find the interest rate for my checking account,7,interest_rate
i wanna know the interest rate on my bank of america cd account,7,interest_rate
can you help me find the interest rate for my sba account,7,interest_rate
how do i know what interest rate chase has,7,interest_rate
"hi, can you tell me the interest on my ira",7,interest_rate
what's my interest rate,7,interest_rate
how to calculate my interest rate,7,interest_rate
will you tell me my interest rate,7,interest_rate
how can i figure out my interest rate for my umpqua account,7,interest_rate
what is my interest rate,7,interest_rate
what interest rate will regions give me,7,interest_rate
what is my credit card interest rate,7,interest_rate
tell me my interest rate,7,interest_rate
what is my annual percentage rate,7,interest_rate
what's the interest rate on my savings,7,interest_rate
i would like to know my chase interest rate,7,interest_rate
how much interest am i getting on my savings,7,interest_rate
could you find my interest rate for me,7,interest_rate
can you tell me my current interest rate,7,interest_rate
what is the best interest rate i can get from now on,7,interest_rate
where do i go to view the interest rate on my brighton account,7,interest_rate
i lost my debit card and need it reported as lost,12,report_lost_card
my card is lost what do i do,12,report_lost_card
who do i report card theft to,12,report_lost_card
what do i do to report a lost card,12,report_lost_card
i am obliged to report my stolen card,12,report_lost_card
what must i do to report my card lost,12,report_lost_card
my capital one credit card was stolen,12,report_lost_card
i need to report a lost card,12,report_lost_card
"i need to report my card as stolen, please",12,report_lost_card
my american express card needs to be reported as stolen,12,report_lost_card
"my credit card has been stolen, please report it",12,report_lost_card
i want to report my card as lost,12,report_lost_card
my card is lost please report it,12,report_lost_card
my visa has been stolen by someone,12,report_lost_card
i need to report a card that's been lost but i dont know how,12,report_lost_card
what should i do if my card is lost,12,report_lost_card
i would like to report a stolen card,12,report_lost_card
i need to report my stolen card,12,report_lost_card
"i'd like to report my card as stolen, please",12,report_lost_card
my card is to be reported stolen,12,report_lost_card
my visa card was stolen,12,report_lost_card
please report my stolen card,12,report_lost_card
i lost my amex and need to report it,12,report_lost_card
"i need to report my card as stolen, who do i tell",12,report_lost_card
"could you please help me, my card has been stolen and i need to report it",12,report_lost_card
my stolen card needs to be reported,12,report_lost_card
i have to report a lost visa card,12,report_lost_card
"is there anyway, i can report my card being stolen",12,report_lost_card
i lost my card how do i report it,12,report_lost_card
"my card is stolen, i need to report it",12,report_lost_card
someone stole my mastercade,12,report_lost_card
"i can't locate my mastercard and i want to report it as lost, please",12,report_lost_card
where to report lost discover credit card,12,report_lost_card
report lost card,12,report_lost_card
i need to replace my lost card,12,report_lost_card
my visa card got stolen,12,report_lost_card
i have to report my card as stolen,12,report_lost_card
"oh no, report my card, it's stolen",12,report_lost_card
i need to report that my card has been lost,12,report_lost_card
my bronze card is missing i would like to report it as lost,12,report_lost_card
i can't find my insurance card and i want to report it as lost,12,report_lost_card
i lost my commerce card and need to report it as lost,12,report_lost_card
someone stole my discover card,12,report_lost_card
"i lost my card, what do i do",12,report_lost_card
"i would like to report my card as stolen, please",12,report_lost_card
i need to report credit card theft,12,report_lost_card
i think my card is stolen and needs to be reported,12,report_lost_card
what do i do if i lost my card,12,report_lost_card
report my lost visa card,12,report_lost_card
what should i do when my visa card is stolen,12,report_lost_card
"what, if any, are the charges for using my card in mexico",137,international_fees
do i get charged more for using my card in canada,137,international_fees
what are the international transaction fees for my chase card,137,international_fees
how much is the charge of using my card in italy during my stay there,137,international_fees
is there a surcharge for using my card in mexico,137,international_fees
will i be charged for using my card in japan,137,international_fees
if i use my card in mexico do i get an extra fee,137,international_fees
are there any transaction fees associated with my amex card if i am in belgium,137,international_fees
does american express charge transaction fees for iceland,137,international_fees
are there many international transactions fees for the freedom card,137,international_fees
will i be charged if i use my card in canada,137,international_fees
are there any transaction fees associated with my navy federal card if i am in germany,137,international_fees
will my discover card ding me with transaction fees if i'm in aruba,137,international_fees
are there any transaction fees associated with my usaa card if i am in india,137,international_fees
will i receive a fee if i use my card in ireland,137,international_fees
what are the fees to use my card in nigeria,137,international_fees
"i would like to know if there are any fees for using my capital one card in london, england",137,international_fees
for my card is there a extra card while i'm staying in italy,137,international_fees
how much are the international transaction fees for my chase card,137,international_fees
are there extra fees for using my card in mexico,137,international_fees
are there transaction fees for my visa if i'm in russia,137,international_fees
does my bank of america card have international transaction fees,137,international_fees
are there fees for using my card in tampa,137,international_fees
does visa charge transaction fees in the uk,137,international_fees
are there any transaction fees associated with my chase card if i am in tokyo,137,international_fees
are there any fees for using my amex in england,137,international_fees
will i be charged if i use the card in australia,137,international_fees
will i be charged if i use my card in france,137,international_fees
will i be charged if i use the card in france,137,international_fees
i want to know if there is any transaction fee using washington federal card when i am in canada,137,international_fees
do you charge me if i use my card in japan,137,international_fees
are there any transaction fees associated with my amex card if i am in france,137,international_fees
what are the foreign transaction fees for cuba,137,international_fees
will i be charged if i use the card in germany,137,international_fees
are there international transaction fees for using my chase card,137,international_fees
is there any transaction fees on my citibank card if used in spain,137,international_fees
will i pay extra if i use my card in juarez,137,international_fees
are there any transaction fees associated with my navy federal card if i am in japan,137,international_fees
is there a charge to use my card in japan,137,international_fees
how much are the foreign transaction fees in brisbane,137,international_fees
will i be charged if i use my card in mexico,137,international_fees
will i get a fee for international transactions with my visa card,137,international_fees
does my chase card have international transaction fees,137,international_fees
are there any international transaction fees associated with my visa card,137,international_fees
"how much is the atm fee for my boa card in orlando, fl",137,international_fees
what are the international transaction fees on my amex,137,international_fees
are there transaction fees charged to my discover card in japan,137,international_fees
will i be charged if i use my card in detroit,137,international_fees
what are the fees for using my card in toronto,137,international_fees
what are my chase cards fees for international transactions,137,international_fees
what is my income,93,income
how much do you make,93,income
look up how much i earn annually,93,income
can you tell me what my total income is for the pay period,93,income
how much did i earn in income only last year,93,income
my income equals what amount,93,income
what is my salary,93,income
please give me my salary figure,93,income
how much money was deposited to my bank account from my employer this month,93,income
do you know anything about my income,93,income
what do i earn from my job,93,income
i need more information about my income,93,income
can you provide information on my income,93,income
how much money do i have coming in each month,93,income
what's my income been for the last 6 months,93,income
what amount of money do i earn at work,93,income
what has my income been like,93,income
can you tell me what my income will be this week,93,income
what is my hourly rate,93,income
what's my take home from work,93,income
how much money did i make,93,income
what do you make in a year,93,income
calculate my total income from my job,93,income
can you tell me what my currnet salary is,93,income
tell me how much money i'm earning at my job,93,income
tell me my salary,93,income
how much am i getting paid,93,income
what is my gross income per pay period,93,income
how much am i getting paid today,93,income
what is the total amount of my paychecks over the last year,93,income
advise me of my income,93,income
what does my income amount to,93,income
tell me my salary please,93,income
how much have i earned this week,93,income
i need to know my earnings,93,income
how much can i expect on my next check,93,income
can you tell me my exact salary,93,income
how much am i making at my job,93,income
what is my current net salary,93,income
how much did i get paid,93,income
what's my monthly income,93,income
how much am i getting back from work,93,income
what is your current income,93,income
how much is my income going to be this month,93,income
i need to know how much i make at my job,93,income
what's my paycheck going to be,93,income
can you tell me what i earned,93,income
give me the details on my income,93,income
what is my yearly salary,93,income
i need to know my salary,93,income
what do i have on my list of reminders,76,reminder
what's on my reminder list today,76,reminder
my list of reminders is what,76,reminder
please tell me everything on my list of reminders,76,reminder
what were the reminders that i made,76,reminder
will you repeat my reminder list,76,reminder
please read my reminders,76,reminder
i want to see my reminder list,76,reminder
please look to see if paying bills is on my reminders list currently,76,reminder
check my reminders for mop the floor,76,reminder
what's on the reminder list,76,reminder
what did i want to remember again,76,reminder
what are in my reminders list,76,reminder
what is now on my reminder list,76,reminder
what reminders did i have,76,reminder
what is on my reminder list,76,reminder
read my reminders to me,76,reminder
let me know what's on my list of reminders,76,reminder
is mop the floor already in my reminders,76,reminder
please read all the items on my reminder list,76,reminder
read what i added to the reminder list,76,reminder
tell me my current reminders list,76,reminder
i want to hear everything on my reminder list,76,reminder
can you please repeat my list back to me,76,reminder
confirm that buy a light bulb is on my list of reminders,76,reminder
walk me through the items on my reminder list,76,reminder
did i include cleaning the hamster cage on my list of reminders,76,reminder
tell me my reminders,76,reminder
tell my all my reminders,76,reminder
what did i put on my list of reminders,76,reminder
i wanted to remember what again,76,reminder
is buying a light bulb on my reminders list,76,reminder
can you read me my list of reminders,76,reminder
what are the items on my reminder list,76,reminder
read my reminder list to me,76,reminder
can you read my list back to me,76,reminder
did i set up a reminder to clean the bathroom,76,reminder
can you remind me what i was trying to remember,76,reminder
is there a reminder for my aa meeting on my list,76,reminder
do you know what things i wanted to remember,76,reminder
what did i list in my reminders,76,reminder
what reminders do i have,76,reminder
tell me everything i included on my list of things to remember for later,76,reminder
can you tell me what things i was trying to remember,76,reminder
tell me what is on my reminder list,76,reminder
go through my reminder list with me please,76,reminder
"can you read my reminder list, please",76,reminder
iterate the items on my reminder list,76,reminder
what are the thing i told you to help me remember,76,reminder
please give me a rundown of my reminder list,76,reminder
"hey, slow down and take your time",119,change_speed
how do i speed up the speech of this ai,119,change_speed
speak slower,119,change_speed
can you speak slower please,119,change_speed
reduce your speed of voice,119,change_speed
"can you speak a little faster, please",119,change_speed
can you slow your speaking down,119,change_speed
make your speed a bit slower,119,change_speed
i need to change your voice settings,119,change_speed
slow your speech down,119,change_speed
is it possible to speed up of your replies,119,change_speed
slow down your talking,119,change_speed
change the speed of your voice to slower,119,change_speed
speed up your speech,119,change_speed
will you speak more rapidly,119,change_speed
can you slow down,119,change_speed
i want you to speak to me faster,119,change_speed
"sorry, can you speak a little faster, please",119,change_speed
i can't understand you because of how rapidly you're speaking,119,change_speed
can you please talk slower,119,change_speed
i want you to talk more slowly,119,change_speed
please slow down i can't understand you,119,change_speed
"please increase the speed of your speech, it is too slow",119,change_speed
slow down your talking too fast i don't understand you,119,change_speed
i want your speech settings to be made slower,119,change_speed
can you slow down your speech,119,change_speed
how do i change your options so that you speak more slowly,119,change_speed
decrease the speed of your speech please,119,change_speed
can you change how fast you're talking to speak more slowly,119,change_speed
speed up your talking please,119,change_speed
slow the speech down,119,change_speed
can you talk slower please,119,change_speed
slow down your speech,119,change_speed
can you please not talk so fast,119,change_speed
can you please talk faster,119,change_speed
speak at a slower rate,119,change_speed
present your speech at a slower pace,119,change_speed
please slow down how you're speaking,119,change_speed
you're speaking too fast and i need to change that,119,change_speed
you're talking too fast i need you to slow it down,119,change_speed
please don't speak so fast,119,change_speed
could you not talk so slowly,119,change_speed
speak slower please,119,change_speed
whoa whoa please slow down,119,change_speed
please use a quicker rate of speech,119,change_speed
can i get you to talk at a slightly faster rate,119,change_speed
can you speed up your speech please,119,change_speed
can you speak faster please,119,change_speed
where do i find instructions on how to speed up voice replies,119,change_speed
"speak faster, please",119,change_speed
can you help me begin the process of redeeming credit card points,6,redeem_rewards
could i redeem my credit card points on a new tv,6,redeem_rewards
i want to use my credit card points,6,redeem_rewards
use my credit card points,6,redeem_rewards
how do i use the reward for my bank of hawaii,6,redeem_rewards
cash in rewards for my visa card,6,redeem_rewards
walk me through reward redemption from my barclay's card,6,redeem_rewards
can you tell me how to redeem my credit card points,6,redeem_rewards
how many points do i need before i can redeem them,6,redeem_rewards
help me figure out redemption of my credit card points,6,redeem_rewards
let's use my credit card points,6,redeem_rewards
transfer my cash reward balance to my bank,6,redeem_rewards
i want to cash my credit card points,6,redeem_rewards
i want to redeem my card points for cash,6,redeem_rewards
how do i use reward for my first hawaiian bank,6,redeem_rewards
how do i redeem my credit card points,6,redeem_rewards
how can i cash in rewards on my discover card,6,redeem_rewards
do i need a certain amount of points before i can redeem them,6,redeem_rewards
i'd like to redeem my credit card points,6,redeem_rewards
how can i cash in the rewards i have earned on my amex,6,redeem_rewards
do i have to contact someone to use my credit card points,6,redeem_rewards
"if i want to cash in my american express rewards, how do i do that",6,redeem_rewards
what's the way to cash in my rewards for my citibank card,6,redeem_rewards
can i use my credit card point on amazon,6,redeem_rewards
what do i do to get cach back for points on my discover card,6,redeem_rewards
how do i cash in my reward for chase,6,redeem_rewards
"i want to redeem points on my chase card, but how",6,redeem_rewards
i have a lot of credit card points saved up and would like to start redeeming them,6,redeem_rewards
tell me how to utilize my card points,6,redeem_rewards
i would like to use my credit card points to acquire a new laptop,6,redeem_rewards
what do i do if i want to use my credit card points,6,redeem_rewards
am i able to redeem my credit card points for an amazon gift card,6,redeem_rewards
tell me how to redeem my credit card points,6,redeem_rewards
how do i get cash back for the rewards on my amex card,6,redeem_rewards
i want to utilize my credit card points,6,redeem_rewards
walk me through the process of cashing in on credit card points,6,redeem_rewards
can i convert my credit card points to milage,6,redeem_rewards
how do i redeem my card points,6,redeem_rewards
i have a lot of points saved up from my credit card rewards but don't know how to redeem them,6,redeem_rewards
walk me through the best ways to use my credit card points,6,redeem_rewards
"if i want to redeem miles from my delta skymiles card, how do i do that",6,redeem_rewards
do you think i could get a target gift card with my credit card points,6,redeem_rewards
at what point balance can i redeem my points,6,redeem_rewards
can you check with my credit card company and see if i can redeem my points,6,redeem_rewards
i would like to use my credit card points,6,redeem_rewards
how can i cash in my credit card points,6,redeem_rewards
how can i redeem my credit card points,6,redeem_rewards
how can i redeem the points i've earned with my credit card,6,redeem_rewards
do i have enough points to for a redemption,6,redeem_rewards
what are ways to utilize my credit card points,6,redeem_rewards
how do i change the language that your responses are delivered in,29,change_language
can i change your language,29,change_language
can you speak to me in chinese,29,change_language
what languages can i switch to for your responses,29,change_language
i want to hear from you in german,29,change_language
can you speak in french,29,change_language
change your language to spanish please,29,change_language
can you talk in spanish,29,change_language
can you speak to me in french,29,change_language
make your preferred language english,29,change_language
i want to put you in a different language,29,change_language
let's speak in mandarin instead of english,29,change_language
please give me your responses only in french from now on,29,change_language
"from now on, i want you to answer me using japanese",29,change_language
i want us to speak to each other in spanish from now on,29,change_language
i would like to change your language from portuguese to italian,29,change_language
"change language to french, please",29,change_language
i need your language setting to be russian now,29,change_language
is it ok if i start speaking to you in german,29,change_language
i want you to address me in italian,29,change_language
change the native language,29,change_language
talk to me in italian from now on,29,change_language
can you translate that to french,29,change_language
you should respond in english,29,change_language
is there an option to speak only in mandarin,29,change_language
"i would like to have language set to spanish, please",29,change_language
i want to edit the language,29,change_language
i need to change my speaking to spanish,29,change_language
i need to switch the language for your responses,29,change_language
how can i adjust the spoken language,29,change_language
can you change your language to japanese,29,change_language
i need to change the language to french,29,change_language
"switch the language for your responses, please",29,change_language
please talk to me in spanish,29,change_language
answer me in french,29,change_language
can i give you instructions in japanese,29,change_language
switch the language setting over to german,29,change_language
do you know french,29,change_language
speak in the language english,29,change_language
can you talk to me in italian,29,change_language
change the language you're using to american english,29,change_language
please change the language that you are responding in,29,change_language
please respond in latin from now on,29,change_language
please change your language setting to spanish,29,change_language
i will be speaking chinese going forward,29,change_language
can i speak to you in german,29,change_language
can i start talking to you in french,29,change_language
i need to change language to spanish,29,change_language
please speak german to me from now on,29,change_language
the language i am using will now be italian,29,change_language
pull up my grocery transactions,68,transactions
i want to see my entertainment transactions,68,transactions
what transactions did i make yesterday at the flea market,68,transactions
please give me my last ten debit card transactions in the month of december,68,transactions
how expensive was my most recent transaction,68,transactions
please tell me all of my recent transactions,68,transactions
on my card what all are my latest transactions,68,transactions
can you show me the transactions that were made last night at the restaurant,68,transactions
can i get my transactions for the date of the 23rd,68,transactions
help me get access to my recent transaction history,68,transactions
i need a recent transaction looked into,68,transactions
show me my transactions on clothes at macys,68,transactions
what was the last thing i purchased,68,transactions
can i see my transactions on the 7th,68,transactions
bring up my most recent purchases,68,transactions
please tell me all the transactions i've made recently,68,transactions
show me the transaction on macys,68,transactions
i need to know the transactions i made on the 10th,68,transactions
"before i pay my capital one, what are the most recent transactions i've made",68,transactions
can you check on a transaction for me,68,transactions
open yesterday's last payment,68,transactions
what was my last transaction,68,transactions
show me transactions related to travel,68,transactions
what were my purchases on visa card last month,68,transactions
show my transaction statement,68,transactions
let me check my transaction on my citi card,68,transactions
show me my transactions on make up at sephora,68,transactions
i need to know last months transactions,68,transactions
what did i buy last,68,transactions
can you list all recent transactions,68,transactions
show me recent transactions,68,transactions
what did i spend at target on my barclays card last month,68,transactions
let me know the list of transaction on my first hawaiian bank,68,transactions
i need to know something about my latest transaction,68,transactions
show me the last five transactions,68,transactions
i need to see my shopping transactions,68,transactions
show me the transaction on the food,68,transactions
whats my recent transactions on my card,68,transactions
i would like to take a look at my transaction history,68,transactions
pull up my recent transactions on my mastercard,68,transactions
read off to me the last five transactions i've made,68,transactions
can i see my transactions from yesterday,68,transactions
on my card what have been my recent purchases,68,transactions
show me the last month of transactions,68,transactions
i need some information on a recent transaction,68,transactions
before i make my mastercard payment can you tell me what i've recently charged on it,68,transactions
please tell me my in-person transactions for the last three days using my debit card,68,transactions
when was my most recent transaction,68,transactions
let me check my transaction for first bank card,68,transactions
show me the transactions made on my business card for supplies last quarter,68,transactions
i have to schedule somewhere get my tires checked out,131,schedule_maintenance
"i need an oil change, make an appointment",131,schedule_maintenance
i want to schedule car maintenance,131,schedule_maintenance
how do i schedule getting my tires checked,131,schedule_maintenance
can i please get an appointment to get my oil changed,131,schedule_maintenance
"i don't know why my check engine light is on, i need a mechanic",131,schedule_maintenance
i need help cause my check engine light came on,131,schedule_maintenance
i need to get my tired checked at one of the location,131,schedule_maintenance
the check engine light is on and i need a mechanic,131,schedule_maintenance
schedule car repairs,131,schedule_maintenance
i need someone to look at my check engine light,131,schedule_maintenance
look for auto companies that do scheduled maintenance on my vehicle,131,schedule_maintenance
i want to schedule a tire check up somewhere,131,schedule_maintenance
i need someone to look at my car because my check engine light is on,131,schedule_maintenance
can you make an appointment for an oil change,131,schedule_maintenance
who can i contact about why check engine light is on,131,schedule_maintenance
please schedule an appointment for my oil to get changed,131,schedule_maintenance
can you schedule me a mechanic,131,schedule_maintenance
i want to to schedule maintenance on my vehicle,131,schedule_maintenance
i need to find someone to look at my check engine light,131,schedule_maintenance
i wanna schedule some car maintenance,131,schedule_maintenance
"my engine light came on, so i need to get help",131,schedule_maintenance
i need to schedule car maintenance,131,schedule_maintenance
i need to get my oil change so make an appointment,131,schedule_maintenance
i need some work done on my car so need to schedule auto mechanic for maintenance,131,schedule_maintenance
i got to schedule some car maintenance,131,schedule_maintenance
i need an appointment to get my oil changed,131,schedule_maintenance
i need you to find a mechanic for my check engine light,131,schedule_maintenance
i want to get an appointment to get my oil changed,131,schedule_maintenance
i need the soonest appointment for an oil change,131,schedule_maintenance
schedule an oil change for me,131,schedule_maintenance
"please find someone who specializes in cars, my check engine light has turned on",131,schedule_maintenance
can you please obtain an oil change appointment for me,131,schedule_maintenance
how i do schedule car maintenance,131,schedule_maintenance
schedule a time to get my oil changed,131,schedule_maintenance
who is available to check why my check engine light is on,131,schedule_maintenance
y check engine light currently came on and i need assistance with it,131,schedule_maintenance
make an appointment to check my tires,131,schedule_maintenance
"i am in need of an oil change, set an appointment",131,schedule_maintenance
can someone look at my car cause the check engine light is on,131,schedule_maintenance
how do i schedule car maintenance,131,schedule_maintenance
"who can look at my car, the engine light is on",131,schedule_maintenance
my car needs to be brought for maintenance,131,schedule_maintenance
i'd like to get an appointment to get my oil changed,131,schedule_maintenance
please make an appointment for an oil change,131,schedule_maintenance
please schedule car maintenance for me,131,schedule_maintenance
"i should get my tires checked, schedule that",131,schedule_maintenance
find a mechanic to look at my check engine light,131,schedule_maintenance
my car needs maintenance scheduled,131,schedule_maintenance
is there someone in the area who can check my engine light since it is on,131,schedule_maintenance
i need to know today's date please,95,date
"what is today's month, day and year",95,date
what is tomorrow's date,95,date
today's date is what,95,date
what would tomorrow's date be,95,date
give me tomorrow's date please,95,date
what is today's date,95,date
the date tomorrow is what,95,date
do you have the date,95,date
i need to know today's date,95,date
what's today's date,95,date
i'd like to know what the date is,95,date
what is the date,95,date
i need to know what the date is today,95,date
what is the month and day tomorrow,95,date
can you tell me the date,95,date
i need to know the date in 256 days,95,date
what year is it,95,date
please give me today's date,95,date
"what's the date tomorrow, please",95,date
show me the date,95,date
"in 2 days, what date will it be",95,date
what's the day of the week,95,date
can you tell me the date today,95,date
please share today's date,95,date
what will the date be in 64 days,95,date
please tell me what date it is today,95,date
i would like to know what today's date is,95,date
today is what date,95,date
what day is it today,95,date
what's the current date,95,date
tell me what the date is today,95,date
i would like to know tomorrow's date,95,date
what day of the month is it,95,date
can you tell me today's date,95,date
what day is it gonna be in twenty-one days,95,date
i'd like to know the date tomorrow,95,date
what will the date be 100 days from now,95,date
"tomorrow, what will the date be",95,date
would you please tell me today's date,95,date
what day will it be in fourteen days,95,date
tell me what date it is please,95,date
what's the date 400 days from now,95,date
please tell me today's date,95,date
tell me what the date is tomorrow,95,date
calender says tomorrow is,95,date
what day of the month is it today,95,date
tell me what day it is,95,date
what will the date be in 10 days,95,date
"in 100 days from now, what will be the date",95,date
tell me my usage of vacation days,148,pto_used
how much vacation have i already used this year,148,pto_used
do you know the total number of vacation days i have used,148,pto_used
"including the day i missed because of snow, how much time have i take off work so far",148,pto_used
"how many sick, personal, and vacation days have i billed so far this year",148,pto_used
how many times have i taken off from work this year,148,pto_used
what's the amount of time off i've had,148,pto_used
how many days have i taken off so far,148,pto_used
how many times have i used my annual leave,148,pto_used
look up the amount of vacation days i have used please,148,pto_used
please find out how many of my vacation days i have spent,148,pto_used
have i used any vacation days this year,148,pto_used
get the details on the pto i have used,148,pto_used
how many vacation days have i taken,148,pto_used
check to see how many days off i have used,148,pto_used
check to see how many days off i have used in total so far,148,pto_used
tell me the exact amount of pto i have used,148,pto_used
i need to know how many days so far i've taken off,148,pto_used
what kind of vacation days have i used so far,148,pto_used
how much paid time off have i used,148,pto_used
how many days did i skip work,148,pto_used
i need to know how much of my pto has been used at this point,148,pto_used
tell me the number of days off i took this year,148,pto_used
how many personal days have i taken,148,pto_used
what kind of pto do i have left,148,pto_used
how much paid time off do i have left,148,pto_used
tell me the amount of pto i have used at this point,148,pto_used
my pto used so far is what right now,148,pto_used
how much pto do i have used up,148,pto_used
how many times did i take a day off,148,pto_used
how many vacation days have i spent in total,148,pto_used
how many of my sick days have i gone through,148,pto_used
how many vacation days did i use,148,pto_used
how many vacation days have i used up,148,pto_used
what's the amount of time i've taken off work this year,148,pto_used
i need to know how many vacation days i have used up please,148,pto_used
can you check how much pto i have already used,148,pto_used
how much time did i take off so far,148,pto_used
how many days have i taken off this year,148,pto_used
how much paid time off have i taken,148,pto_used
how much pto has been used on my behalf,148,pto_used
how much pto have i depleted,148,pto_used
please find out how many days off i have used by this point,148,pto_used
look up my total number of days off so far,148,pto_used
i need to know the number of days off i have taken at this point,148,pto_used
"up to this point, how much of my pto have i used",148,pto_used
how many vacation days have i used,148,pto_used
what's the number of day's i've taken off,148,pto_used
can you tell me how many vacation days i've taken,148,pto_used
what's my vacation day usage so far,148,pto_used
can you tell me how to spell manipulation,73,spelling
i forget how to spell xylophone,73,spelling
how do you spell guerrilla,73,spelling
tell me how many p's are in apple,73,spelling
how many ss are in narcissism,73,spelling
how do you spell friend,73,spelling
how is the word acquaintance spelled,73,spelling
how many e's are in sesame,73,spelling
what's the spelling of cancer,73,spelling
i need to know how to spell excellent,73,spelling
i don't know how to spell circumference,73,spelling
what's the right spelling of rambunctious,73,spelling
can you give me a spelling for antipathy,73,spelling
how do you spell out espresso,73,spelling
what is the proper way to spell diamond,73,spelling
spell out potato,73,spelling
tell me how many a's are in magical,73,spelling
how is friend spelled,73,spelling
tell how many a's are in the word happiness,73,spelling
how do you spell antipathy,73,spelling
i don't know how to spell mississippi,73,spelling
how do you spell asian,73,spelling
how do you spell mississippi,73,spelling
i need to know how to spell xylophone,73,spelling
how do you spell superficial,73,spelling
how do you spell verisimilitude,73,spelling
what is the correct spelling of judgment,73,spelling
i don't know how to spell spaghetti,73,spelling
can you tell me how to spell elephant,73,spelling
how is water spelled,73,spelling
how many ts are in tethered,73,spelling
i don't know how to spell anethesia,73,spelling
how many a's can you find in the word happiness,73,spelling
how many es are in receiving,73,spelling
how do you spell tomato,73,spelling
i'd like to know how acommodate is spelled,73,spelling
what's the spelling of multimedia,73,spelling
how do you spell syzygy,73,spelling
i don't know how to spell apparently,73,spelling
what is the correct spelling for antipathy,73,spelling
i don't know how to spell drought,73,spelling
what's the right way to spell indict,73,spelling
tell me how handkerchief is spelled,73,spelling
how do you spell water,73,spelling
i don't know how to spell squirrel,73,spelling
how do you spell hotdog,73,spelling
the word is happiness; how many a's can you find in that word,73,spelling
i don't know how to spell theater,73,spelling
spell the word restaurant for me,73,spelling
i can't figure out how to spell superficial,73,spelling
what is the underlying purpose to life,22,meaning_of_life
what makes life have any meaning,22,meaning_of_life
"would you tell me the meaning of life, please",22,meaning_of_life
what is your explanation for the meaning of life,22,meaning_of_life
do you know what the meaning of life is,22,meaning_of_life
what is the meaning of my life,22,meaning_of_life
what do you think is the meaning of life,22,meaning_of_life
tell the meaning of life,22,meaning_of_life
is there really an answer to the meaning of life,22,meaning_of_life
help me figure out the meaning of life,22,meaning_of_life
research the meaning of life,22,meaning_of_life
what is the meaning of this life,22,meaning_of_life
what's the meaning of this life,22,meaning_of_life
could you tell me the meaning of life,22,meaning_of_life
what is the secret or meaning to life,22,meaning_of_life
life has what meaning or what's the secret to it,22,meaning_of_life
can you share the meaning of life,22,meaning_of_life
can you explain the meaning of life to me,22,meaning_of_life
"i always wonder about the meaning of life, can you tell me",22,meaning_of_life
what is your version on the meaning of life,22,meaning_of_life
what's the purpose of life,22,meaning_of_life
can you tell me life's meaning,22,meaning_of_life
can you tell me the meaning of life,22,meaning_of_life
does my life have meaning,22,meaning_of_life
what's life's meaning,22,meaning_of_life
"could you tell me the meaning of life, please",22,meaning_of_life
meaning of life is,22,meaning_of_life
whats the meaning of life,22,meaning_of_life
whats your take on the meaning of life,22,meaning_of_life
the meaning of life please,22,meaning_of_life
what's the point of this dumpster fire known as life,22,meaning_of_life
why are we here in life,22,meaning_of_life
why do you think we're here,22,meaning_of_life
what is our purpose here on earth,22,meaning_of_life
what is the point of life,22,meaning_of_life
what meaning does life hold,22,meaning_of_life
tell me what is the purpose of life,22,meaning_of_life
define the meaning of life,22,meaning_of_life
what is the meaning of life here,22,meaning_of_life
what does life mean on a deeper level,22,meaning_of_life
i wonder if you can explain the meaning of life,22,meaning_of_life
what's my meaning in life,22,meaning_of_life
what's the purpose of existence,22,meaning_of_life
the meaning of life,22,meaning_of_life
can you share with me your interpretation of the meaning of life,22,meaning_of_life
how do i find the meaning of life,22,meaning_of_life
"can you tell me the meaning of life, please",22,meaning_of_life
is being alive the meaning of life,22,meaning_of_life
i gotta know the meaning of life,22,meaning_of_life
is there a reason people exist,22,meaning_of_life
whats my delta flight's status,80,flight_status
when is my flight due to arrive,80,flight_status
when does my flight arrive,80,flight_status
is there an update on flight dl123,80,flight_status
when does boarding for my flight begin,80,flight_status
how long until delta is at the gate,80,flight_status
can you update me with the status of flight dl123,80,flight_status
whats the status of my south west flight,80,flight_status
i would appreciate it if you could tell me the status of my southwest flight,80,flight_status
what is the scheduled landing time for my flight,80,flight_status
what is the projected time frame for the flight to land,80,flight_status
when's my flight getting here,80,flight_status
whats the status of my delta flight,80,flight_status
do you mind informing me the status of my southwest flight,80,flight_status
please tell me the status of my southwest flight,80,flight_status
look up when my flight is set to start boarding,80,flight_status
at what time will my flight begin boarding,80,flight_status
when should i expect my flight to come in,80,flight_status
what time will i be able to board the plane,80,flight_status
can you tell me what time this flight is going to land,80,flight_status
tell me the status of flight dl123,80,flight_status
when is my plane scheduled to land,80,flight_status
can you check when my flight lands,80,flight_status
is there any news on flight dl123,80,flight_status
what's my flight's eta,80,flight_status
will my delta flight leave on time,80,flight_status
i wanna know when my flight scheduled to board,80,flight_status
tell me what time my flight ought to be landing,80,flight_status
at what point will this flight start letting people board,80,flight_status
when will my flight land,80,flight_status
i gotta know when my flight will land,80,flight_status
i would like to know when my flight scheduled to board,80,flight_status
when's my flight boarding,80,flight_status
what time will my flight be boarding,80,flight_status
when will my jetblue flight get here,80,flight_status
is my delta flight on time,80,flight_status
what time is my flight supposed to board,80,flight_status
when will i get to my destination,80,flight_status
what time is my flight scheduled to leave,80,flight_status
so when is my flight landing,80,flight_status
is flight dl123 on time,80,flight_status
when should the flight land,80,flight_status
give me the status of flight dl123,80,flight_status
i need to know the status of my alaska air flight,80,flight_status
can you tell me the status of my delta flight,80,flight_status
i need to know the status of flight dl123,80,flight_status
please tell me when my flight will land,80,flight_status
please inform me when my flight scheduled to board,80,flight_status
when will my delta flight depart,80,flight_status
at what time will my flight land,80,flight_status
will you tell me my spending limit,41,credit_limit
tell me my visa's credit limit,41,credit_limit
what's my visa limit,41,credit_limit
what's my visa card's credit limit,41,credit_limit
what is my spending limit on my mastercard,41,credit_limit
what is my limit on my visa card,41,credit_limit
how can i check my credit card limit,41,credit_limit
i need to know what the visa card credit limit is,41,credit_limit
please check my credit limit on my visa,41,credit_limit
tell me the credit limit on my mastercard,41,credit_limit
tel me the credit limit for my credit card,41,credit_limit
how high is my credit limit for my navy federal card,41,credit_limit
could you share what my current credit limit is,41,credit_limit
do you know my credit limit for the visa card,41,credit_limit
how high is my credit limit for my citigroup card,41,credit_limit
how high is my credit limit for my wells fargo card,41,credit_limit
tell me the credit on my mastercard,41,credit_limit
what's my limit on my visa card,41,credit_limit
can i please know the credit limit for my citibank card,41,credit_limit
i wanna know the limit on my credit card,41,credit_limit
what's the credit limit on my discovery card,41,credit_limit
i want to know my spending limit,41,credit_limit
tell me the limit for credit on my mastercard,41,credit_limit
how high is my credit limit for my childrens place card,41,credit_limit
how much can i spend wth my visa,41,credit_limit
what's my current credit limit,41,credit_limit
what's the credit limit on my account,41,credit_limit
how high is my credit limit for my chase card,41,credit_limit
what is my credit limit looking like,41,credit_limit
how high of a credit limit do i have on my amex card,41,credit_limit
what is my credit limit at,41,credit_limit
please let me know the credit limit on my citibank card,41,credit_limit
i need know my credit limit on my american express card,41,credit_limit
what's my visa card's limit,41,credit_limit
i would love to know my spending limit,41,credit_limit
please tell me my spending limit,41,credit_limit
what's the credit limit on my visa,41,credit_limit
whats the max i can spend on my visa,41,credit_limit
how much am i allowed to spend on my discover card,41,credit_limit
can you let me know what my credit limit is for my visa card,41,credit_limit
what is the credit limit for my bank of america card,41,credit_limit
i need to know my spending limit on my visa,41,credit_limit
how much is my credit limit,41,credit_limit
what credit limit do i have,41,credit_limit
what is the current credit limit i have on my wells fargo mastercard,41,credit_limit
what's the credit limit on my visa card,41,credit_limit
what is the max credit limit for my card,41,credit_limit
look up the credit limit for my visa,41,credit_limit
credit limit,41,credit_limit
can you tell me my spending limit,41,credit_limit
i'm not sure what the answer is,121,maybe
i dont know,121,maybe
i'm unsure of the proper answer,121,maybe
either one would work,121,maybe
i'm unsure of the answer,121,maybe
it could be either,121,maybe
"one or the other, or both",121,maybe
i don't know how to answer to that,121,maybe
"might be true, might be false",121,maybe
i have no earthly idea at all,121,maybe
perhaps either of them,121,maybe
no idea,121,maybe
"it could be either, i think",121,maybe
possibly,121,maybe
not a clue,121,maybe
i don't have a clue,121,maybe
i can't answer that,121,maybe
who knows,121,maybe
i dunno,121,maybe
maybe either,121,maybe
i'm not sure of that,121,maybe
i have no clue,121,maybe
i'm unsure,121,maybe
cant say,121,maybe
i haven't the foggiest,121,maybe
i don't know the answer to that,121,maybe
im not sure,121,maybe
im not certain,121,maybe
i don't really know,121,maybe
i have no knowledge about it,121,maybe
maybe is my answer,121,maybe
i don't know for sure,121,maybe
i am not to sure about that,121,maybe
maybe,121,maybe
"sorry, i do not know",121,maybe
"hmmm, either could be a choice",121,maybe
hell if i know,121,maybe
i know it could be either one,121,maybe
shit if i know,121,maybe
i can't answer yes or no right now,121,maybe
both maybe,121,maybe
it depends,121,maybe
i can't make up my mind,121,maybe
"not sure, maybe",121,maybe
i'm sure it could be either,121,maybe
either or should work,121,maybe
"no idea, sorry",121,maybe
really dont know,121,maybe
it may be either one,121,maybe
that's a possibility,121,maybe
"at 9 tomorrow, set off the alarm",83,alarm
set my alarm for 6am tomorrow,83,alarm
can you set alarm for me,83,alarm
i want to make an alarm,83,alarm
wake me up at 6 am,83,alarm
put in an alarm for 5pm,83,alarm
make an alarm for me,83,alarm
set an alarm for 5 pm,83,alarm
please set alarm for me,83,alarm
set up an alarm,83,alarm
i want to be woken up at 9 tomorrow,83,alarm
i'd like a new alarm set for 6am,83,alarm
set the alarm to go off at 9 tomorrow,83,alarm
set an alarm to go to sleep and another to wake up,83,alarm
"set an alarm for 6am, please",83,alarm
can i turn on the alarm now,83,alarm
i want an alarm at 5pm,83,alarm
i need an alarm at 8 pm,83,alarm
i need an alarm for 6am,83,alarm
please create a new alarm for me,83,alarm
set an alarm to start work and another to stop,83,alarm
i want an alarm to go off at 9 am,83,alarm
can you alert me at 6 in the morning,83,alarm
set an alarm for my meeting and another for my phone call,83,alarm
can you play an alarm at 5pm,83,alarm
set me an alarm for 4pm and another for 5pm,83,alarm
create an alarm for 6am,83,alarm
tomorrow i need an alarm at 7 tomorrow,83,alarm
i need you to set alarm for me,83,alarm
set an alarm for me for 10:00 and another one set for 4:00,83,alarm
i need an alarm set,83,alarm
create an alarm for me,83,alarm
create alarm,83,alarm
i need you to schedule an alarm,83,alarm
please create an alarm for 5:45 am and an alarm for 6:15 am,83,alarm
please set an alarm for mid day,83,alarm
tomorrow i would like an alarm for 9 tomorrow,83,alarm
i need alarms set for 6am and 615am,83,alarm
set an alarm for lunch and another for dinner,83,alarm
set up two alarms one for 10am and another for 2pm,83,alarm
create an alarm for 9 am and another one for 11 am,83,alarm
help me get up at eight thirty in the morning tomorrow,83,alarm
please create one alarm for 330 pm and one for 8 pm,83,alarm
make up a new alarm,83,alarm
can you make an alarm for 7 am,83,alarm
i need an alarm set for 9 am and another for 11 am,83,alarm
please set up an alarm to go off tomorrow at daybreak,83,alarm
please set an alarm for 2 pm for me,83,alarm
i need an alarm set please,83,alarm
could you set one alarm for 8am saturday and one for 9am sunday,83,alarm
can you tell me about my credit rating,69,credit_score
will you tell me my credit score,69,credit_score
how do i find out what my credit score is,69,credit_score
tell me my credit score,69,credit_score
please look up my credit score,69,credit_score
give me my credit score,69,credit_score
where can i see my credit score,69,credit_score
are you able to lookup my credit rating,69,credit_score
can you help me find my credit score,69,credit_score
show me my credit score please,69,credit_score
would you tell me my credit score,69,credit_score
i wish to know my credit rating,69,credit_score
where can i check my credit rating,69,credit_score
tell me the steps to getting my credit score,69,credit_score
please notify me of my credit rating,69,credit_score
tell me my credit rating,69,credit_score
is my credit score high,69,credit_score
please tell me my credit rating,69,credit_score
i'd like to know what my credit rating is,69,credit_score
i need my credit score,69,credit_score
let me know what my credit score is,69,credit_score
inform me of my current credit rating,69,credit_score
where can i check my credit score,69,credit_score
what's my credit score,69,credit_score
can i see my credit score,69,credit_score
i'd like the number for my credit score,69,credit_score
i would like to look up my credit score please,69,credit_score
i want my credit score,69,credit_score
how do i locate my credit score,69,credit_score
how do i find my credit score,69,credit_score
can you figure out how to find my credit score,69,credit_score
websites that share credit ratings,69,credit_score
tell me my credit score please,69,credit_score
get my credit score,69,credit_score
can you tell me my credit score,69,credit_score
let me know my credit score,69,credit_score
lets look up my credit score,69,credit_score
find my credit score for me,69,credit_score
tell me my current credit rating,69,credit_score
help me locate my credit score,69,credit_score
clue me in on my credit score,69,credit_score
say my credit score,69,credit_score
what is my fica score,69,credit_score
where is my credit score located,69,credit_score
find my credit score and tell it to me,69,credit_score
what's my credit rating,69,credit_score
what kind of credit score do i have,69,credit_score
how do i see my credit score,69,credit_score
how is my credit score rated,69,credit_score
provide me with my credit score,69,credit_score
nice to speak with you,114,goodbye
ai goodbye,114,goodbye
i had fun speaking with you,114,goodbye
peace,114,goodbye
"later, thanks for chatting",114,goodbye
it was good chatting,114,goodbye
"it was great to see you again, see ya later!",114,goodbye
talk later,114,goodbye
see you around,114,goodbye
i have to go ai goodbye,114,goodbye
bye now,114,goodbye
i’ll be leaving now,114,goodbye
i have to go but it was nice talking again!,114,goodbye
"i had a pleasure talking to you, see you later",114,goodbye
it was great chatting with you,114,goodbye
it was pleasant having a conversation with you,114,goodbye
nice to see you,114,goodbye
have a good one,114,goodbye
"syonara, ai device!",114,goodbye
i must say goodbye,114,goodbye
glad we got to talk,114,goodbye
adios,114,goodbye
it was cool talking with you,114,goodbye
"see you later, alligator",114,goodbye
it was good to talk to you today,114,goodbye
"goodbye, helpful ai device!",114,goodbye
tootles,114,goodbye
cya later,114,goodbye
it was nice chatting with you,114,goodbye
ill see you around,114,goodbye
see you in a while,114,goodbye
bye!,114,goodbye
"thanks for chatting, later",114,goodbye
bye for now,114,goodbye
i'm glad i got to talk to you,114,goodbye
i have to say goodbye,114,goodbye
"nice talking again, bye",114,goodbye
i'm out of here,114,goodbye
it was enjoyable to chat with you,114,goodbye
see you again soon,114,goodbye
later gator!,114,goodbye
adios!,114,goodbye
good night,114,goodbye
it was nice to catch up with you,114,goodbye
take it easy!,114,goodbye
see ya,114,goodbye
"that's all, bye",114,goodbye
farewell!,114,goodbye
catch you around,114,goodbye
this was a great conversation,114,goodbye
what is the current est time,4,time
what's the time in tokyo,4,time
what time is it now pacific time,4,time
"in the central timezone, what time is it",4,time
what is the time right now in the peruvian time zone,4,time
what is the exact time right now in the hawaii time zone,4,time
what's the time in anchorage timezone,4,time
what is the time now,4,time
time in tokyo,4,time
"what time is it in houston, tx",4,time
what time is it in london,4,time
"what is the time, please",4,time
would you mind telling me the time,4,time
"in the mst time zone, what time is it right now",4,time
can you tell me the time,4,time
what time is it exactly in the new zealand time zone,4,time
what hour and minute is it,4,time
what's the current time in greenwhich,4,time
what time is it in the eastern standard timezone,4,time
please tell me the time,4,time
please let me know what time it is,4,time
what is the time in atlantic timezone,4,time
the current time,4,time
what is the time right now,4,time
look up the time in california,4,time
would you tell me the current time in the eastern timezone,4,time
what is the exact time,4,time
tell me what time it is in the central timezone,4,time
what is the current time in new york,4,time
have you the time,4,time
what time do you have on your watch,4,time
what time is it exactly,4,time
"what's the current time, please",4,time
what time is it right now in paris,4,time
what time is it in russia,4,time
what does it say on the clock,4,time
"given my time, what time is it in mst",4,time
do you have the time,4,time
i would like to know the time,4,time
what is the current time in cst,4,time
what time is it in buenos aires,4,time
"current time, please",4,time
how is the time,4,time
"what time is it in fredericksburg, tx",4,time
what time is it in the central standard timezone,4,time
what is the time right now in the hst timezone,4,time
what is the current time in mexico city,4,time
what's the current time in est,4,time
what time is it in new york,4,time
what time would it be in rome right now,4,time
can you order more printer paper,16,order
i do not have pizza so will you order me some more,16,order
i'm low on mouthwash so create an order for me,16,order
i don't have ice cream so will you order me some more,16,order
i need you to buy a laptop,16,order
i'd like you to purchase me canned soup,16,order
can you please order me more plastic bags,16,order
i want all the things on the shopping list,16,order
buy all the things on the shopping list,16,order
i'm out of shampoo so will you order me some more,16,order
i am needing you to buy me some shoes,16,order
i want you to order everything on my shopping list,16,order
"order some cat for me, i ran out",16,order
put in the order for everything on my shopping list,16,order
please buy me flowers,16,order
i need more candy so could you order me a pack,16,order
"i'm out of cat food, order more",16,order
i need a replacement phone charger ordered online,16,order
i do not have flour so will you order me some more,16,order
will you buy me underpants,16,order
can you go to amazon a repurchase my last purchase,16,order
i would like everything on my shopping list ordered,16,order
can you buy me a toy car,16,order
i'd like to buy some cooking pans,16,order
take my shopping list and order all,16,order
i want you to buy me a shirt,16,order
i require another filter so can you order me another one,16,order
i wanna buy a pair of shoes online now,16,order
add everything to my shopping cart,16,order
can you have some new oakley's shipped to me,16,order
ran out of tissues and need you to put an order in for more asap,16,order
can you buy something from walmartcom for me,16,order
grab me a new belt on amazon please,16,order
i do not have cookies so will you order me some more,16,order
can you order everything on my shopping list,16,order
i am currently out of q tips and need more ordered right away,16,order
i'm out of detergent so will you order me some more,16,order
i want everything on my shopping list ordered,16,order
"i need more cat food, please order some",16,order
i am out of ice cream so will you order me some more,16,order
i'm out of paper plates so will you order me some more,16,order
"order more cat food, i'm out",16,order
"i need you to order some more lysol for me,please",16,order
get everything on my shopping list,16,order
i need to buy everything on the shopping list,16,order
would you order everything on my shopping list,16,order
submit the order for everything on my shopping list,16,order
can you order underpants for me,16,order
i would like all of these things on my shopping list ordered,16,order
i need everything ordered on my shopping list,16,order
would i be able to increase my available credit by 600 dollars,109,credit_limit_change
what's the possibility of getting a credit limit increase on my visa,109,credit_limit_change
is there a way to increase the limit on my visa card,109,credit_limit_change
can i raise the limit to 500 dollars,109,credit_limit_change
will you allow more spending on my visa,109,credit_limit_change
will i be able to increase my credit limit to $1000,109,credit_limit_change
may i have a higher limit on my mastercard,109,credit_limit_change
can you increase how much i can spend on my visa,109,credit_limit_change
can i increase my credit limit to 1200 dollars,109,credit_limit_change
can i increase the credit limit for my bank of america card,109,credit_limit_change
can you increase my credit limit,109,credit_limit_change
please see if you can increase my credit limit to one thousand dollars,109,credit_limit_change
can i get a higher limit on my american express card,109,credit_limit_change
can my credit limit be increased to one thousand dollars,109,credit_limit_change
please change credit,109,credit_limit_change
can you change my credit limit,109,credit_limit_change
how do i increase the limit on my visa card,109,credit_limit_change
can i increase the credit limit for my bank of the west card,109,credit_limit_change
am i allowed to increase the credit limit on my mastercard,109,credit_limit_change
can i increase the credit limit for my wells fargo credit card,109,credit_limit_change
is there a way to increase the credit limit on my american express card,109,credit_limit_change
is there a way to raise my mastercard credit,109,credit_limit_change
"can i raise my credit limit to $12,000",109,credit_limit_change
is it possible to increase my credit limit to 1000 dollars,109,credit_limit_change
help me change my credit limit,109,credit_limit_change
can you increase my credit limit to one thousand dollars,109,credit_limit_change
"can you increase my credit limit to $7,500",109,credit_limit_change
am i allowed to increase my credit limit to $1000,109,credit_limit_change
is it possible to have a higher limit on my visa,109,credit_limit_change
can i have my credit limit changed,109,credit_limit_change
is it possible to raise the credit limit for my discover card,109,credit_limit_change
can i increase the credit limit on my target card,109,credit_limit_change
can i increase the credit limit for my navy federal card,109,credit_limit_change
i want to change my credit limit,109,credit_limit_change
can i raise the credit limit for my discover card,109,credit_limit_change
please change the credit limit,109,credit_limit_change
"please increase my credit limit to $9,000",109,credit_limit_change
"can i get my credit limit increased to $15,000",109,credit_limit_change
is it possible to increase my credit limit to $1000,109,credit_limit_change
"i want to increase my credit limit to $1000, if possible",109,credit_limit_change
can i increase my credit limit to 1100 dollars,109,credit_limit_change
i need a credit raise by 1000 dollars,109,credit_limit_change
is it possible to increase the credit limit for my discover card,109,credit_limit_change
what do i do to change my credit limit,109,credit_limit_change
how would i raise my credit spending by 2500 dollars,109,credit_limit_change
i want my credit limit changed,109,credit_limit_change
"i would like to increase my bank of america credit limit, can you help me",109,credit_limit_change
can i increase the credit limit on my old navy card,109,credit_limit_change
can i increase the credit limit on my kohls card,109,credit_limit_change
can i increase my credit limit to 700 dollars,109,credit_limit_change
how much is an overdraft fee for bank,42,oos
why are exponents preformed before multiplication in the order of operations,42,oos
what size wipers does this car take,42,oos
where is the dipstick,42,oos
how much is 1 share of aapl,42,oos
how is glue made,42,oos
any headlines from my area,42,oos
what is the largest state in the us,42,oos
what is the current market trend,42,oos
what is the most popular airline,42,oos
what is the formula for the circumference of a circle,42,oos
what are some ways to reduce spending,42,oos
what time does the louvre open,42,oos
are there any local stations covering the moral march in raleigh in februaryu,42,oos
how many planets have we discovered,42,oos
how do i change my billing address,42,oos
how do i open an online line of credit,42,oos
how do i remove a coffee blemish,42,oos
how expensive is an apple share,42,oos
where can i find the cruise control on my kia sportage 2010,42,oos
how many sides are in a hexagon,42,oos
how fast does an airplane travel,42,oos
is it worth investing in target,42,oos
i need to speak to customer service regarding my flight,42,oos
how long do wire transfers take,42,oos
what are some deals on amazon,42,oos
what city is the super bowl,42,oos
what trees change color in autumn,42,oos
do people prefer summer over fall,42,oos
how long is winter,42,oos
what were some of ben franklin's notable accomplishments,42,oos
where was john denver born,42,oos
where did abraham lincoln live,42,oos
when was kobe bryant born,42,oos
who's toledo's starting point guard for the next game,42,oos
how many players are on the chicago bulls,42,oos
who is the coach of the chicago bulls,42,oos
when do the utah jazz play next,42,oos
what other nations were involved in the chinese trade war,42,oos
what years has korea been at war,42,oos
when was the theory of evolution first considered,42,oos
who formulated the theory of relativity,42,oos
what stage of evolution am i,42,oos
what other personality type is most compatible with infjs,42,oos
what does my personality mean,42,oos
what's the most dominant scale in bluegrass,42,oos
what year was saxaphone first played,42,oos
which piano is best for classical,42,oos
is k-12 education required outside of the united states,42,oos
what are the benefits of completing college,42,oos
are you able to answer algebra equations,42,oos
can you help me study for a history exam,42,oos
how many points per game is lebron james averaging this season,42,oos
what team does eli mannign play for,42,oos
get me dwight howard shooting average,42,oos
can you list me tiger wood's stats,42,oos
what's the runtime of all the lord of the rings movies combined,42,oos
which character is the most famous from titanic,42,oos
how many oscars did star wars films win,42,oos
what year was shawshank redemption released,42,oos
which marvel character has appeared in the most movies,42,oos
when's the next movie starring thor set to come out,42,oos
who was the first capcom character,42,oos
are any justice league movies coming out,42,oos
can you tell me something about the nfl,42,oos
please explain the catch rule to me,42,oos
is there overtime in college football,42,oos
when did the mls start,42,oos
what's the best price on super smash bros ultimate right now,42,oos
what is the highest earning game on atari,42,oos
when is the next nintendo direct,42,oos
when was nintendo created,42,oos
please find the capital of pakistan and its population,42,oos
how many people live in taiwan,42,oos
what are some of picasso's most famous works,42,oos
what are van gogh's best pieces,42,oos
where can i see art,42,oos
when did camus die,42,oos
how much money does radiohead earn a year,42,oos
who is radiohead,42,oos
what's the biggest saas marketing company in the united states,42,oos
how do i start my own marketing firm,42,oos
how can i get involved in restaurant marketing,42,oos
what is saas marketing,42,oos
what do you call someone who was born in segovia,42,oos
what is rhineland,42,oos
who is the scariest character in start trek,42,oos
who is the current captain of this ship,42,oos
what year was star trek released,42,oos
when was toyota created,42,oos
who are some notable alumni of ucsd,42,oos
what is the next football game,42,oos
how many students attend ucsb,42,oos
when do classes start,42,oos
how can i become an aerospace engineer,42,oos
what percentage of species display cold blooded traits,42,oos
what does it mean to be an alpha male,42,oos
what animals have alpha males,42,oos
why do males want to be alpha,42,oos
what's the average battery life of an android phone,42,oos
